step,id,pos,state
0,1,"(0, 0)",0
0,2,"(1, 0)",0
0,3,"(2, 0)",0
0,4,"(3, 0)",0
0,5,"(4, 0)",0
0,6,"(5, 0)",0
0,7,"(6, 0)",0
0,8,"(7, 0)",0
0,9,"(8, 0)",0
0,10,"(9, 0)",0
0,11,"(10, 0)",0
0,12,"(11, 0)",0
0,13,"(12, 0)",0
0,14,"(13, 0)",0
0,15,"(14, 0)",0
0,16,"(15, 0)",0
0,17,"(16, 0)",0
0,18,"(17, 0)",0
0,19,"(18, 0)",0
0,20,"(19, 0)",0
0,21,"(20, 0)",0
0,22,"(21, 0)",0
0,23,"(22, 0)",0
0,24,"(23, 0)",0
0,25,"(24, 0)",0
0,26,"(25, 0)",0
0,27,"(26, 0)",0
0,28,"(27, 0)",0
0,29,"(28, 0)",0
0,30,"(29, 0)",0
0,31,"(30, 0)",0
0,32,"(31, 0)",0
0,33,"(32, 0)",0
0,34,"(33, 0)",0
0,35,"(34, 0)",0
0,36,"(35, 0)",0
0,37,"(36, 0)",0
0,38,"(37, 0)",0
0,39,"(38, 0)",0
0,40,"(39, 0)",0
0,41,"(40, 0)",0
0,42,"(41, 0)",0
0,43,"(42, 0)",0
0,44,"(43, 0)",0
0,45,"(44, 0)",0
0,46,"(45, 0)",0
0,47,"(46, 0)",0
0,48,"(47, 0)",0
0,49,"(48, 0)",0
0,50,"(49, 0)",0
0,51,"(50, 0)",0
0,52,"(51, 0)",0
0,53,"(52, 0)",0
0,54,"(53, 0)",0
0,55,"(54, 0)",0
0,56,"(55, 0)",0
0,57,"(56, 0)",0
0,58,"(57, 0)",0
0,59,"(58, 0)",0
0,60,"(59, 0)",0
0,61,"(60, 0)",0
0,62,"(61, 0)",0
0,63,"(62, 0)",0
0,64,"(63, 0)",0
0,65,"(64, 0)",0
0,66,"(65, 0)",0
0,67,"(66, 0)",0
0,68,"(67, 0)",0
0,69,"(68, 0)",0
0,70,"(69, 0)",0
0,71,"(70, 0)",0
0,72,"(71, 0)",0
0,73,"(72, 0)",0
0,74,"(73, 0)",0
0,75,"(74, 0)",0
0,76,"(75, 0)",0
0,77,"(76, 0)",0
0,78,"(77, 0)",0
0,79,"(78, 0)",0
0,80,"(79, 0)",0
0,81,"(80, 0)",0
0,82,"(81, 0)",0
0,83,"(82, 0)",0
0,84,"(83, 0)",0
0,85,"(84, 0)",0
0,86,"(85, 0)",0
0,87,"(86, 0)",0
0,88,"(87, 0)",0
0,89,"(88, 0)",0
0,90,"(89, 0)",0
0,91,"(90, 0)",0
0,92,"(91, 0)",0
0,93,"(92, 0)",0
0,94,"(93, 0)",0
0,95,"(94, 0)",0
0,96,"(95, 0)",0
0,97,"(96, 0)",0
0,98,"(97, 0)",0
0,99,"(98, 0)",0
0,100,"(99, 0)",0
0,101,"(100, 0)",1
1,1,"(0, 0)",0
1,2,"(1, 0)",0
1,3,"(2, 0)",0
1,4,"(3, 0)",0
1,5,"(4, 0)",0
1,6,"(5, 0)",0
1,7,"(6, 0)",0
1,8,"(7, 0)",0
1,9,"(8, 0)",0
1,10,"(9, 0)",0
1,11,"(10, 0)",0
1,12,"(11, 0)",0
1,13,"(12, 0)",0
1,14,"(13, 0)",0
1,15,"(14, 0)",0
1,16,"(15, 0)",0
1,17,"(16, 0)",0
1,18,"(17, 0)",0
1,19,"(18, 0)",0
1,20,"(19, 0)",0
1,21,"(20, 0)",0
1,22,"(21, 0)",0
1,23,"(22, 0)",0
1,24,"(23, 0)",0
1,25,"(24, 0)",0
1,26,"(25, 0)",0
1,27,"(26, 0)",0
1,28,"(27, 0)",0
1,29,"(28, 0)",0
1,30,"(29, 0)",0
1,31,"(30, 0)",0
1,32,"(31, 0)",0
1,33,"(32, 0)",0
1,34,"(33, 0)",0
1,35,"(34, 0)",0
1,36,"(35, 0)",0
1,37,"(36, 0)",0
1,38,"(37, 0)",0
1,39,"(38, 0)",0
1,40,"(39, 0)",0
1,41,"(40, 0)",0
1,42,"(41, 0)",0
1,43,"(42, 0)",0
1,44,"(43, 0)",0
1,45,"(44, 0)",0
1,46,"(45, 0)",0
1,47,"(46, 0)",0
1,48,"(47, 0)",0
1,49,"(48, 0)",0
1,50,"(49, 0)",0
1,51,"(50, 0)",0
1,52,"(51, 0)",0
1,53,"(52, 0)",0
1,54,"(53, 0)",0
1,55,"(54, 0)",0
1,56,"(55, 0)",0
1,57,"(56, 0)",0
1,58,"(57, 0)",0
1,59,"(58, 0)",0
1,60,"(59, 0)",0
1,61,"(60, 0)",0
1,62,"(61, 0)",0
1,63,"(62, 0)",0
1,64,"(63, 0)",0
1,65,"(64, 0)",0
1,66,"(65, 0)",0
1,67,"(66, 0)",0
1,68,"(67, 0)",0
1,69,"(68, 0)",0
1,70,"(69, 0)",0
1,71,"(70, 0)",0
1,72,"(71, 0)",0
1,73,"(72, 0)",0
1,74,"(73, 0)",0
1,75,"(74, 0)",0
1,76,"(75, 0)",0
1,77,"(76, 0)",0
1,78,"(77, 0)",0
1,79,"(78, 0)",0
1,80,"(79, 0)",0
1,81,"(80, 0)",0
1,82,"(81, 0)",0
1,83,"(82, 0)",0
1,84,"(83, 0)",0
1,85,"(84, 0)",0
1,86,"(85, 0)",0
1,87,"(86, 0)",0
1,88,"(87, 0)",0
1,89,"(88, 0)",0
1,90,"(89, 0)",0
1,91,"(90, 0)",0
1,92,"(91, 0)",0
1,93,"(92, 0)",0
1,94,"(93, 0)",0
1,95,"(94, 0)",0
1,96,"(95, 0)",0
1,97,"(96, 0)",0
1,98,"(97, 0)",0
1,99,"(98, 0)",0
1,100,"(99, 0)",1
1,101,"(100, 0)",1
2,1,"(0, 0)",0
2,2,"(1, 0)",0
2,3,"(2, 0)",0
2,4,"(3, 0)",0
2,5,"(4, 0)",0
2,6,"(5, 0)",0
2,7,"(6, 0)",0
2,8,"(7, 0)",0
2,9,"(8, 0)",0
2,10,"(9, 0)",0
2,11,"(10, 0)",0
2,12,"(11, 0)",0
2,13,"(12, 0)",0
2,14,"(13, 0)",0
2,15,"(14, 0)",0
2,16,"(15, 0)",0
2,17,"(16, 0)",0
2,18,"(17, 0)",0
2,19,"(18, 0)",0
2,20,"(19, 0)",0
2,21,"(20, 0)",0
2,22,"(21, 0)",0
2,23,"(22, 0)",0
2,24,"(23, 0)",0
2,25,"(24, 0)",0
2,26,"(25, 0)",0
2,27,"(26, 0)",0
2,28,"(27, 0)",0
2,29,"(28, 0)",0
2,30,"(29, 0)",0
2,31,"(30, 0)",0
2,32,"(31, 0)",0
2,33,"(32, 0)",0
2,34,"(33, 0)",0
2,35,"(34, 0)",0
2,36,"(35, 0)",0
2,37,"(36, 0)",0
2,38,"(37, 0)",0
2,39,"(38, 0)",0
2,40,"(39, 0)",0
2,41,"(40, 0)",0
2,42,"(41, 0)",0
2,43,"(42, 0)",0
2,44,"(43, 0)",0
2,45,"(44, 0)",0
2,46,"(45, 0)",0
2,47,"(46, 0)",0
2,48,"(47, 0)",0
2,49,"(48, 0)",0
2,50,"(49, 0)",0
2,51,"(50, 0)",0
2,52,"(51, 0)",0
2,53,"(52, 0)",0
2,54,"(53, 0)",0
2,55,"(54, 0)",0
2,56,"(55, 0)",0
2,57,"(56, 0)",0
2,58,"(57, 0)",0
2,59,"(58, 0)",0
2,60,"(59, 0)",0
2,61,"(60, 0)",0
2,62,"(61, 0)",0
2,63,"(62, 0)",0
2,64,"(63, 0)",0
2,65,"(64, 0)",0
2,66,"(65, 0)",0
2,67,"(66, 0)",0
2,68,"(67, 0)",0
2,69,"(68, 0)",0
2,70,"(69, 0)",0
2,71,"(70, 0)",0
2,72,"(71, 0)",0
2,73,"(72, 0)",0
2,74,"(73, 0)",0
2,75,"(74, 0)",0
2,76,"(75, 0)",0
2,77,"(76, 0)",0
2,78,"(77, 0)",0
2,79,"(78, 0)",0
2,80,"(79, 0)",0
2,81,"(80, 0)",0
2,82,"(81, 0)",0
2,83,"(82, 0)",0
2,84,"(83, 0)",0
2,85,"(84, 0)",0
2,86,"(85, 0)",0
2,87,"(86, 0)",0
2,88,"(87, 0)",0
2,89,"(88, 0)",0
2,90,"(89, 0)",0
2,91,"(90, 0)",0
2,92,"(91, 0)",0
2,93,"(92, 0)",0
2,94,"(93, 0)",0
2,95,"(94, 0)",0
2,96,"(95, 0)",0
2,97,"(96, 0)",0
2,98,"(97, 0)",0
2,99,"(98, 0)",1
2,100,"(99, 0)",0
2,101,"(100, 0)",1
3,1,"(0, 0)",0
3,2,"(1, 0)",0
3,3,"(2, 0)",0
3,4,"(3, 0)",0
3,5,"(4, 0)",0
3,6,"(5, 0)",0
3,7,"(6, 0)",0
3,8,"(7, 0)",0
3,9,"(8, 0)",0
3,10,"(9, 0)",0
3,11,"(10, 0)",0
3,12,"(11, 0)",0
3,13,"(12, 0)",0
3,14,"(13, 0)",0
3,15,"(14, 0)",0
3,16,"(15, 0)",0
3,17,"(16, 0)",0
3,18,"(17, 0)",0
3,19,"(18, 0)",0
3,20,"(19, 0)",0
3,21,"(20, 0)",0
3,22,"(21, 0)",0
3,23,"(22, 0)",0
3,24,"(23, 0)",0
3,25,"(24, 0)",0
3,26,"(25, 0)",0
3,27,"(26, 0)",0
3,28,"(27, 0)",0
3,29,"(28, 0)",0
3,30,"(29, 0)",0
3,31,"(30, 0)",0
3,32,"(31, 0)",0
3,33,"(32, 0)",0
3,34,"(33, 0)",0
3,35,"(34, 0)",0
3,36,"(35, 0)",0
3,37,"(36, 0)",0
3,38,"(37, 0)",0
3,39,"(38, 0)",0
3,40,"(39, 0)",0
3,41,"(40, 0)",0
3,42,"(41, 0)",0
3,43,"(42, 0)",0
3,44,"(43, 0)",0
3,45,"(44, 0)",0
3,46,"(45, 0)",0
3,47,"(46, 0)",0
3,48,"(47, 0)",0
3,49,"(48, 0)",0
3,50,"(49, 0)",0
3,51,"(50, 0)",0
3,52,"(51, 0)",0
3,53,"(52, 0)",0
3,54,"(53, 0)",0
3,55,"(54, 0)",0
3,56,"(55, 0)",0
3,57,"(56, 0)",0
3,58,"(57, 0)",0
3,59,"(58, 0)",0
3,60,"(59, 0)",0
3,61,"(60, 0)",0
3,62,"(61, 0)",0
3,63,"(62, 0)",0
3,64,"(63, 0)",0
3,65,"(64, 0)",0
3,66,"(65, 0)",0
3,67,"(66, 0)",0
3,68,"(67, 0)",0
3,69,"(68, 0)",0
3,70,"(69, 0)",0
3,71,"(70, 0)",0
3,72,"(71, 0)",0
3,73,"(72, 0)",0
3,74,"(73, 0)",0
3,75,"(74, 0)",0
3,76,"(75, 0)",0
3,77,"(76, 0)",0
3,78,"(77, 0)",0
3,79,"(78, 0)",0
3,80,"(79, 0)",0
3,81,"(80, 0)",0
3,82,"(81, 0)",0
3,83,"(82, 0)",0
3,84,"(83, 0)",0
3,85,"(84, 0)",0
3,86,"(85, 0)",0
3,87,"(86, 0)",0
3,88,"(87, 0)",0
3,89,"(88, 0)",0
3,90,"(89, 0)",0
3,91,"(90, 0)",0
3,92,"(91, 0)",0
3,93,"(92, 0)",0
3,94,"(93, 0)",0
3,95,"(94, 0)",0
3,96,"(95, 0)",0
3,97,"(96, 0)",0
3,98,"(97, 0)",1
3,99,"(98, 0)",1
3,100,"(99, 0)",1
3,101,"(100, 0)",1
4,1,"(0, 0)",0
4,2,"(1, 0)",0
4,3,"(2, 0)",0
4,4,"(3, 0)",0
4,5,"(4, 0)",0
4,6,"(5, 0)",0
4,7,"(6, 0)",0
4,8,"(7, 0)",0
4,9,"(8, 0)",0
4,10,"(9, 0)",0
4,11,"(10, 0)",0
4,12,"(11, 0)",0
4,13,"(12, 0)",0
4,14,"(13, 0)",0
4,15,"(14, 0)",0
4,16,"(15, 0)",0
4,17,"(16, 0)",0
4,18,"(17, 0)",0
4,19,"(18, 0)",0
4,20,"(19, 0)",0
4,21,"(20, 0)",0
4,22,"(21, 0)",0
4,23,"(22, 0)",0
4,24,"(23, 0)",0
4,25,"(24, 0)",0
4,26,"(25, 0)",0
4,27,"(26, 0)",0
4,28,"(27, 0)",0
4,29,"(28, 0)",0
4,30,"(29, 0)",0
4,31,"(30, 0)",0
4,32,"(31, 0)",0
4,33,"(32, 0)",0
4,34,"(33, 0)",0
4,35,"(34, 0)",0
4,36,"(35, 0)",0
4,37,"(36, 0)",0
4,38,"(37, 0)",0
4,39,"(38, 0)",0
4,40,"(39, 0)",0
4,41,"(40, 0)",0
4,42,"(41, 0)",0
4,43,"(42, 0)",0
4,44,"(43, 0)",0
4,45,"(44, 0)",0
4,46,"(45, 0)",0
4,47,"(46, 0)",0
4,48,"(47, 0)",0
4,49,"(48, 0)",0
4,50,"(49, 0)",0
4,51,"(50, 0)",0
4,52,"(51, 0)",0
4,53,"(52, 0)",0
4,54,"(53, 0)",0
4,55,"(54, 0)",0
4,56,"(55, 0)",0
4,57,"(56, 0)",0
4,58,"(57, 0)",0
4,59,"(58, 0)",0
4,60,"(59, 0)",0
4,61,"(60, 0)",0
4,62,"(61, 0)",0
4,63,"(62, 0)",0
4,64,"(63, 0)",0
4,65,"(64, 0)",0
4,66,"(65, 0)",0
4,67,"(66, 0)",0
4,68,"(67, 0)",0
4,69,"(68, 0)",0
4,70,"(69, 0)",0
4,71,"(70, 0)",0
4,72,"(71, 0)",0
4,73,"(72, 0)",0
4,74,"(73, 0)",0
4,75,"(74, 0)",0
4,76,"(75, 0)",0
4,77,"(76, 0)",0
4,78,"(77, 0)",0
4,79,"(78, 0)",0
4,80,"(79, 0)",0
4,81,"(80, 0)",0
4,82,"(81, 0)",0
4,83,"(82, 0)",0
4,84,"(83, 0)",0
4,85,"(84, 0)",0
4,86,"(85, 0)",0
4,87,"(86, 0)",0
4,88,"(87, 0)",0
4,89,"(88, 0)",0
4,90,"(89, 0)",0
4,91,"(90, 0)",0
4,92,"(91, 0)",0
4,93,"(92, 0)",0
4,94,"(93, 0)",0
4,95,"(94, 0)",0
4,96,"(95, 0)",0
4,97,"(96, 0)",1
4,98,"(97, 0)",0
4,99,"(98, 0)",1
4,100,"(99, 0)",0
4,101,"(100, 0)",1
5,1,"(0, 0)",0
5,2,"(1, 0)",0
5,3,"(2, 0)",0
5,4,"(3, 0)",0
5,5,"(4, 0)",0
5,6,"(5, 0)",0
5,7,"(6, 0)",0
5,8,"(7, 0)",0
5,9,"(8, 0)",0
5,10,"(9, 0)",0
5,11,"(10, 0)",0
5,12,"(11, 0)",0
5,13,"(12, 0)",0
5,14,"(13, 0)",0
5,15,"(14, 0)",0
5,16,"(15, 0)",0
5,17,"(16, 0)",0
5,18,"(17, 0)",0
5,19,"(18, 0)",0
5,20,"(19, 0)",0
5,21,"(20, 0)",0
5,22,"(21, 0)",0
5,23,"(22, 0)",0
5,24,"(23, 0)",0
5,25,"(24, 0)",0
5,26,"(25, 0)",0
5,27,"(26, 0)",0
5,28,"(27, 0)",0
5,29,"(28, 0)",0
5,30,"(29, 0)",0
5,31,"(30, 0)",0
5,32,"(31, 0)",0
5,33,"(32, 0)",0
5,34,"(33, 0)",0
5,35,"(34, 0)",0
5,36,"(35, 0)",0
5,37,"(36, 0)",0
5,38,"(37, 0)",0
5,39,"(38, 0)",0
5,40,"(39, 0)",0
5,41,"(40, 0)",0
5,42,"(41, 0)",0
5,43,"(42, 0)",0
5,44,"(43, 0)",0
5,45,"(44, 0)",0
5,46,"(45, 0)",0
5,47,"(46, 0)",0
5,48,"(47, 0)",0
5,49,"(48, 0)",0
5,50,"(49, 0)",0
5,51,"(50, 0)",0
5,52,"(51, 0)",0
5,53,"(52, 0)",0
5,54,"(53, 0)",0
5,55,"(54, 0)",0
5,56,"(55, 0)",0
5,57,"(56, 0)",0
5,58,"(57, 0)",0
5,59,"(58, 0)",0
5,60,"(59, 0)",0
5,61,"(60, 0)",0
5,62,"(61, 0)",0
5,63,"(62, 0)",0
5,64,"(63, 0)",0
5,65,"(64, 0)",0
5,66,"(65, 0)",0
5,67,"(66, 0)",0
5,68,"(67, 0)",0
5,69,"(68, 0)",0
5,70,"(69, 0)",0
5,71,"(70, 0)",0
5,72,"(71, 0)",0
5,73,"(72, 0)",0
5,74,"(73, 0)",0
5,75,"(74, 0)",0
5,76,"(75, 0)",0
5,77,"(76, 0)",0
5,78,"(77, 0)",0
5,79,"(78, 0)",0
5,80,"(79, 0)",0
5,81,"(80, 0)",0
5,82,"(81, 0)",0
5,83,"(82, 0)",0
5,84,"(83, 0)",0
5,85,"(84, 0)",0
5,86,"(85, 0)",0
5,87,"(86, 0)",0
5,88,"(87, 0)",0
5,89,"(88, 0)",0
5,90,"(89, 0)",0
5,91,"(90, 0)",0
5,92,"(91, 0)",0
5,93,"(92, 0)",0
5,94,"(93, 0)",0
5,95,"(94, 0)",0
5,96,"(95, 0)",1
5,97,"(96, 0)",1
5,98,"(97, 0)",1
5,99,"(98, 0)",1
5,100,"(99, 0)",1
5,101,"(100, 0)",1
6,1,"(0, 0)",0
6,2,"(1, 0)",0
6,3,"(2, 0)",0
6,4,"(3, 0)",0
6,5,"(4, 0)",0
6,6,"(5, 0)",0
6,7,"(6, 0)",0
6,8,"(7, 0)",0
6,9,"(8, 0)",0
6,10,"(9, 0)",0
6,11,"(10, 0)",0
6,12,"(11, 0)",0
6,13,"(12, 0)",0
6,14,"(13, 0)",0
6,15,"(14, 0)",0
6,16,"(15, 0)",0
6,17,"(16, 0)",0
6,18,"(17, 0)",0
6,19,"(18, 0)",0
6,20,"(19, 0)",0
6,21,"(20, 0)",0
6,22,"(21, 0)",0
6,23,"(22, 0)",0
6,24,"(23, 0)",0
6,25,"(24, 0)",0
6,26,"(25, 0)",0
6,27,"(26, 0)",0
6,28,"(27, 0)",0
6,29,"(28, 0)",0
6,30,"(29, 0)",0
6,31,"(30, 0)",0
6,32,"(31, 0)",0
6,33,"(32, 0)",0
6,34,"(33, 0)",0
6,35,"(34, 0)",0
6,36,"(35, 0)",0
6,37,"(36, 0)",0
6,38,"(37, 0)",0
6,39,"(38, 0)",0
6,40,"(39, 0)",0
6,41,"(40, 0)",0
6,42,"(41, 0)",0
6,43,"(42, 0)",0
6,44,"(43, 0)",0
6,45,"(44, 0)",0
6,46,"(45, 0)",0
6,47,"(46, 0)",0
6,48,"(47, 0)",0
6,49,"(48, 0)",0
6,50,"(49, 0)",0
6,51,"(50, 0)",0
6,52,"(51, 0)",0
6,53,"(52, 0)",0
6,54,"(53, 0)",0
6,55,"(54, 0)",0
6,56,"(55, 0)",0
6,57,"(56, 0)",0
6,58,"(57, 0)",0
6,59,"(58, 0)",0
6,60,"(59, 0)",0
6,61,"(60, 0)",0
6,62,"(61, 0)",0
6,63,"(62, 0)",0
6,64,"(63, 0)",0
6,65,"(64, 0)",0
6,66,"(65, 0)",0
6,67,"(66, 0)",0
6,68,"(67, 0)",0
6,69,"(68, 0)",0
6,70,"(69, 0)",0
6,71,"(70, 0)",0
6,72,"(71, 0)",0
6,73,"(72, 0)",0
6,74,"(73, 0)",0
6,75,"(74, 0)",0
6,76,"(75, 0)",0
6,77,"(76, 0)",0
6,78,"(77, 0)",0
6,79,"(78, 0)",0
6,80,"(79, 0)",0
6,81,"(80, 0)",0
6,82,"(81, 0)",0
6,83,"(82, 0)",0
6,84,"(83, 0)",0
6,85,"(84, 0)",0
6,86,"(85, 0)",0
6,87,"(86, 0)",0
6,88,"(87, 0)",0
6,89,"(88, 0)",0
6,90,"(89, 0)",0
6,91,"(90, 0)",0
6,92,"(91, 0)",0
6,93,"(92, 0)",0
6,94,"(93, 0)",0
6,95,"(94, 0)",1
6,96,"(95, 0)",0
6,97,"(96, 0)",1
6,98,"(97, 0)",0
6,99,"(98, 0)",1
6,100,"(99, 0)",0
6,101,"(100, 0)",1
7,1,"(0, 0)",0
7,2,"(1, 0)",0
7,3,"(2, 0)",0
7,4,"(3, 0)",0
7,5,"(4, 0)",0
7,6,"(5, 0)",0
7,7,"(6, 0)",0
7,8,"(7, 0)",0
7,9,"(8, 0)",0
7,10,"(9, 0)",0
7,11,"(10, 0)",0
7,12,"(11, 0)",0
7,13,"(12, 0)",0
7,14,"(13, 0)",0
7,15,"(14, 0)",0
7,16,"(15, 0)",0
7,17,"(16, 0)",0
7,18,"(17, 0)",0
7,19,"(18, 0)",0
7,20,"(19, 0)",0
7,21,"(20, 0)",0
7,22,"(21, 0)",0
7,23,"(22, 0)",0
7,24,"(23, 0)",0
7,25,"(24, 0)",0
7,26,"(25, 0)",0
7,27,"(26, 0)",0
7,28,"(27, 0)",0
7,29,"(28, 0)",0
7,30,"(29, 0)",0
7,31,"(30, 0)",0
7,32,"(31, 0)",0
7,33,"(32, 0)",0
7,34,"(33, 0)",0
7,35,"(34, 0)",0
7,36,"(35, 0)",0
7,37,"(36, 0)",0
7,38,"(37, 0)",0
7,39,"(38, 0)",0
7,40,"(39, 0)",0
7,41,"(40, 0)",0
7,42,"(41, 0)",0
7,43,"(42, 0)",0
7,44,"(43, 0)",0
7,45,"(44, 0)",0
7,46,"(45, 0)",0
7,47,"(46, 0)",0
7,48,"(47, 0)",0
7,49,"(48, 0)",0
7,50,"(49, 0)",0
7,51,"(50, 0)",0
7,52,"(51, 0)",0
7,53,"(52, 0)",0
7,54,"(53, 0)",0
7,55,"(54, 0)",0
7,56,"(55, 0)",0
7,57,"(56, 0)",0
7,58,"(57, 0)",0
7,59,"(58, 0)",0
7,60,"(59, 0)",0
7,61,"(60, 0)",0
7,62,"(61, 0)",0
7,63,"(62, 0)",0
7,64,"(63, 0)",0
7,65,"(64, 0)",0
7,66,"(65, 0)",0
7,67,"(66, 0)",0
7,68,"(67, 0)",0
7,69,"(68, 0)",0
7,70,"(69, 0)",0
7,71,"(70, 0)",0
7,72,"(71, 0)",0
7,73,"(72, 0)",0
7,74,"(73, 0)",0
7,75,"(74, 0)",0
7,76,"(75, 0)",0
7,77,"(76, 0)",0
7,78,"(77, 0)",0
7,79,"(78, 0)",0
7,80,"(79, 0)",0
7,81,"(80, 0)",0
7,82,"(81, 0)",0
7,83,"(82, 0)",0
7,84,"(83, 0)",0
7,85,"(84, 0)",0
7,86,"(85, 0)",0
7,87,"(86, 0)",0
7,88,"(87, 0)",0
7,89,"(88, 0)",0
7,90,"(89, 0)",0
7,91,"(90, 0)",0
7,92,"(91, 0)",0
7,93,"(92, 0)",0
7,94,"(93, 0)",1
7,95,"(94, 0)",1
7,96,"(95, 0)",1
7,97,"(96, 0)",1
7,98,"(97, 0)",1
7,99,"(98, 0)",1
7,100,"(99, 0)",1
7,101,"(100, 0)",1
8,1,"(0, 0)",0
8,2,"(1, 0)",0
8,3,"(2, 0)",0
8,4,"(3, 0)",0
8,5,"(4, 0)",0
8,6,"(5, 0)",0
8,7,"(6, 0)",0
8,8,"(7, 0)",0
8,9,"(8, 0)",0
8,10,"(9, 0)",0
8,11,"(10, 0)",0
8,12,"(11, 0)",0
8,13,"(12, 0)",0
8,14,"(13, 0)",0
8,15,"(14, 0)",0
8,16,"(15, 0)",0
8,17,"(16, 0)",0
8,18,"(17, 0)",0
8,19,"(18, 0)",0
8,20,"(19, 0)",0
8,21,"(20, 0)",0
8,22,"(21, 0)",0
8,23,"(22, 0)",0
8,24,"(23, 0)",0
8,25,"(24, 0)",0
8,26,"(25, 0)",0
8,27,"(26, 0)",0
8,28,"(27, 0)",0
8,29,"(28, 0)",0
8,30,"(29, 0)",0
8,31,"(30, 0)",0
8,32,"(31, 0)",0
8,33,"(32, 0)",0
8,34,"(33, 0)",0
8,35,"(34, 0)",0
8,36,"(35, 0)",0
8,37,"(36, 0)",0
8,38,"(37, 0)",0
8,39,"(38, 0)",0
8,40,"(39, 0)",0
8,41,"(40, 0)",0
8,42,"(41, 0)",0
8,43,"(42, 0)",0
8,44,"(43, 0)",0
8,45,"(44, 0)",0
8,46,"(45, 0)",0
8,47,"(46, 0)",0
8,48,"(47, 0)",0
8,49,"(48, 0)",0
8,50,"(49, 0)",0
8,51,"(50, 0)",0
8,52,"(51, 0)",0
8,53,"(52, 0)",0
8,54,"(53, 0)",0
8,55,"(54, 0)",0
8,56,"(55, 0)",0
8,57,"(56, 0)",0
8,58,"(57, 0)",0
8,59,"(58, 0)",0
8,60,"(59, 0)",0
8,61,"(60, 0)",0
8,62,"(61, 0)",0
8,63,"(62, 0)",0
8,64,"(63, 0)",0
8,65,"(64, 0)",0
8,66,"(65, 0)",0
8,67,"(66, 0)",0
8,68,"(67, 0)",0
8,69,"(68, 0)",0
8,70,"(69, 0)",0
8,71,"(70, 0)",0
8,72,"(71, 0)",0
8,73,"(72, 0)",0
8,74,"(73, 0)",0
8,75,"(74, 0)",0
8,76,"(75, 0)",0
8,77,"(76, 0)",0
8,78,"(77, 0)",0
8,79,"(78, 0)",0
8,80,"(79, 0)",0
8,81,"(80, 0)",0
8,82,"(81, 0)",0
8,83,"(82, 0)",0
8,84,"(83, 0)",0
8,85,"(84, 0)",0
8,86,"(85, 0)",0
8,87,"(86, 0)",0
8,88,"(87, 0)",0
8,89,"(88, 0)",0
8,90,"(89, 0)",0
8,91,"(90, 0)",0
8,92,"(91, 0)",0
8,93,"(92, 0)",1
8,94,"(93, 0)",0
8,95,"(94, 0)",1
8,96,"(95, 0)",0
8,97,"(96, 0)",1
8,98,"(97, 0)",0
8,99,"(98, 0)",1
8,100,"(99, 0)",0
8,101,"(100, 0)",1
9,1,"(0, 0)",0
9,2,"(1, 0)",0
9,3,"(2, 0)",0
9,4,"(3, 0)",0
9,5,"(4, 0)",0
9,6,"(5, 0)",0
9,7,"(6, 0)",0
9,8,"(7, 0)",0
9,9,"(8, 0)",0
9,10,"(9, 0)",0
9,11,"(10, 0)",0
9,12,"(11, 0)",0
9,13,"(12, 0)",0
9,14,"(13, 0)",0
9,15,"(14, 0)",0
9,16,"(15, 0)",0
9,17,"(16, 0)",0
9,18,"(17, 0)",0
9,19,"(18, 0)",0
9,20,"(19, 0)",0
9,21,"(20, 0)",0
9,22,"(21, 0)",0
9,23,"(22, 0)",0
9,24,"(23, 0)",0
9,25,"(24, 0)",0
9,26,"(25, 0)",0
9,27,"(26, 0)",0
9,28,"(27, 0)",0
9,29,"(28, 0)",0
9,30,"(29, 0)",0
9,31,"(30, 0)",0
9,32,"(31, 0)",0
9,33,"(32, 0)",0
9,34,"(33, 0)",0
9,35,"(34, 0)",0
9,36,"(35, 0)",0
9,37,"(36, 0)",0
9,38,"(37, 0)",0
9,39,"(38, 0)",0
9,40,"(39, 0)",0
9,41,"(40, 0)",0
9,42,"(41, 0)",0
9,43,"(42, 0)",0
9,44,"(43, 0)",0
9,45,"(44, 0)",0
9,46,"(45, 0)",0
9,47,"(46, 0)",0
9,48,"(47, 0)",0
9,49,"(48, 0)",0
9,50,"(49, 0)",0
9,51,"(50, 0)",0
9,52,"(51, 0)",0
9,53,"(52, 0)",0
9,54,"(53, 0)",0
9,55,"(54, 0)",0
9,56,"(55, 0)",0
9,57,"(56, 0)",0
9,58,"(57, 0)",0
9,59,"(58, 0)",0
9,60,"(59, 0)",0
9,61,"(60, 0)",0
9,62,"(61, 0)",0
9,63,"(62, 0)",0
9,64,"(63, 0)",0
9,65,"(64, 0)",0
9,66,"(65, 0)",0
9,67,"(66, 0)",0
9,68,"(67, 0)",0
9,69,"(68, 0)",0
9,70,"(69, 0)",0
9,71,"(70, 0)",0
9,72,"(71, 0)",0
9,73,"(72, 0)",0
9,74,"(73, 0)",0
9,75,"(74, 0)",0
9,76,"(75, 0)",0
9,77,"(76, 0)",0
9,78,"(77, 0)",0
9,79,"(78, 0)",0
9,80,"(79, 0)",0
9,81,"(80, 0)",0
9,82,"(81, 0)",0
9,83,"(82, 0)",0
9,84,"(83, 0)",0
9,85,"(84, 0)",0
9,86,"(85, 0)",0
9,87,"(86, 0)",0
9,88,"(87, 0)",0
9,89,"(88, 0)",0
9,90,"(89, 0)",0
9,91,"(90, 0)",0
9,92,"(91, 0)",1
9,93,"(92, 0)",1
9,94,"(93, 0)",1
9,95,"(94, 0)",1
9,96,"(95, 0)",1
9,97,"(96, 0)",1
9,98,"(97, 0)",1
9,99,"(98, 0)",1
9,100,"(99, 0)",1
9,101,"(100, 0)",1
10,1,"(0, 0)",0
10,2,"(1, 0)",0
10,3,"(2, 0)",0
10,4,"(3, 0)",0
10,5,"(4, 0)",0
10,6,"(5, 0)",0
10,7,"(6, 0)",0
10,8,"(7, 0)",0
10,9,"(8, 0)",0
10,10,"(9, 0)",0
10,11,"(10, 0)",0
10,12,"(11, 0)",0
10,13,"(12, 0)",0
10,14,"(13, 0)",0
10,15,"(14, 0)",0
10,16,"(15, 0)",0
10,17,"(16, 0)",0
10,18,"(17, 0)",0
10,19,"(18, 0)",0
10,20,"(19, 0)",0
10,21,"(20, 0)",0
10,22,"(21, 0)",0
10,23,"(22, 0)",0
10,24,"(23, 0)",0
10,25,"(24, 0)",0
10,26,"(25, 0)",0
10,27,"(26, 0)",0
10,28,"(27, 0)",0
10,29,"(28, 0)",0
10,30,"(29, 0)",0
10,31,"(30, 0)",0
10,32,"(31, 0)",0
10,33,"(32, 0)",0
10,34,"(33, 0)",0
10,35,"(34, 0)",0
10,36,"(35, 0)",0
10,37,"(36, 0)",0
10,38,"(37, 0)",0
10,39,"(38, 0)",0
10,40,"(39, 0)",0
10,41,"(40, 0)",0
10,42,"(41, 0)",0
10,43,"(42, 0)",0
10,44,"(43, 0)",0
10,45,"(44, 0)",0
10,46,"(45, 0)",0
10,47,"(46, 0)",0
10,48,"(47, 0)",0
10,49,"(48, 0)",0
10,50,"(49, 0)",0
10,51,"(50, 0)",0
10,52,"(51, 0)",0
10,53,"(52, 0)",0
10,54,"(53, 0)",0
10,55,"(54, 0)",0
10,56,"(55, 0)",0
10,57,"(56, 0)",0
10,58,"(57, 0)",0
10,59,"(58, 0)",0
10,60,"(59, 0)",0
10,61,"(60, 0)",0
10,62,"(61, 0)",0
10,63,"(62, 0)",0
10,64,"(63, 0)",0
10,65,"(64, 0)",0
10,66,"(65, 0)",0
10,67,"(66, 0)",0
10,68,"(67, 0)",0
10,69,"(68, 0)",0
10,70,"(69, 0)",0
10,71,"(70, 0)",0
10,72,"(71, 0)",0
10,73,"(72, 0)",0
10,74,"(73, 0)",0
10,75,"(74, 0)",0
10,76,"(75, 0)",0
10,77,"(76, 0)",0
10,78,"(77, 0)",0
10,79,"(78, 0)",0
10,80,"(79, 0)",0
10,81,"(80, 0)",0
10,82,"(81, 0)",0
10,83,"(82, 0)",0
10,84,"(83, 0)",0
10,85,"(84, 0)",0
10,86,"(85, 0)",0
10,87,"(86, 0)",0
10,88,"(87, 0)",0
10,89,"(88, 0)",0
10,90,"(89, 0)",0
10,91,"(90, 0)",1
10,92,"(91, 0)",0
10,93,"(92, 0)",1
10,94,"(93, 0)",0
10,95,"(94, 0)",1
10,96,"(95, 0)",0
10,97,"(96, 0)",1
10,98,"(97, 0)",0
10,99,"(98, 0)",1
10,100,"(99, 0)",0
10,101,"(100, 0)",1
11,1,"(0, 0)",0
11,2,"(1, 0)",0
11,3,"(2, 0)",0
11,4,"(3, 0)",0
11,5,"(4, 0)",0
11,6,"(5, 0)",0
11,7,"(6, 0)",0
11,8,"(7, 0)",0
11,9,"(8, 0)",0
11,10,"(9, 0)",0
11,11,"(10, 0)",0
11,12,"(11, 0)",0
11,13,"(12, 0)",0
11,14,"(13, 0)",0
11,15,"(14, 0)",0
11,16,"(15, 0)",0
11,17,"(16, 0)",0
11,18,"(17, 0)",0
11,19,"(18, 0)",0
11,20,"(19, 0)",0
11,21,"(20, 0)",0
11,22,"(21, 0)",0
11,23,"(22, 0)",0
11,24,"(23, 0)",0
11,25,"(24, 0)",0
11,26,"(25, 0)",0
11,27,"(26, 0)",0
11,28,"(27, 0)",0
11,29,"(28, 0)",0
11,30,"(29, 0)",0
11,31,"(30, 0)",0
11,32,"(31, 0)",0
11,33,"(32, 0)",0
11,34,"(33, 0)",0
11,35,"(34, 0)",0
11,36,"(35, 0)",0
11,37,"(36, 0)",0
11,38,"(37, 0)",0
11,39,"(38, 0)",0
11,40,"(39, 0)",0
11,41,"(40, 0)",0
11,42,"(41, 0)",0
11,43,"(42, 0)",0
11,44,"(43, 0)",0
11,45,"(44, 0)",0
11,46,"(45, 0)",0
11,47,"(46, 0)",0
11,48,"(47, 0)",0
11,49,"(48, 0)",0
11,50,"(49, 0)",0
11,51,"(50, 0)",0
11,52,"(51, 0)",0
11,53,"(52, 0)",0
11,54,"(53, 0)",0
11,55,"(54, 0)",0
11,56,"(55, 0)",0
11,57,"(56, 0)",0
11,58,"(57, 0)",0
11,59,"(58, 0)",0
11,60,"(59, 0)",0
11,61,"(60, 0)",0
11,62,"(61, 0)",0
11,63,"(62, 0)",0
11,64,"(63, 0)",0
11,65,"(64, 0)",0
11,66,"(65, 0)",0
11,67,"(66, 0)",0
11,68,"(67, 0)",0
11,69,"(68, 0)",0
11,70,"(69, 0)",0
11,71,"(70, 0)",0
11,72,"(71, 0)",0
11,73,"(72, 0)",0
11,74,"(73, 0)",0
11,75,"(74, 0)",0
11,76,"(75, 0)",0
11,77,"(76, 0)",0
11,78,"(77, 0)",0
11,79,"(78, 0)",0
11,80,"(79, 0)",0
11,81,"(80, 0)",0
11,82,"(81, 0)",0
11,83,"(82, 0)",0
11,84,"(83, 0)",0
11,85,"(84, 0)",0
11,86,"(85, 0)",0
11,87,"(86, 0)",0
11,88,"(87, 0)",0
11,89,"(88, 0)",0
11,90,"(89, 0)",1
11,91,"(90, 0)",1
11,92,"(91, 0)",1
11,93,"(92, 0)",1
11,94,"(93, 0)",1
11,95,"(94, 0)",1
11,96,"(95, 0)",1
11,97,"(96, 0)",1
11,98,"(97, 0)",1
11,99,"(98, 0)",1
11,100,"(99, 0)",1
11,101,"(100, 0)",1
12,1,"(0, 0)",0
12,2,"(1, 0)",0
12,3,"(2, 0)",0
12,4,"(3, 0)",0
12,5,"(4, 0)",0
12,6,"(5, 0)",0
12,7,"(6, 0)",0
12,8,"(7, 0)",0
12,9,"(8, 0)",0
12,10,"(9, 0)",0
12,11,"(10, 0)",0
12,12,"(11, 0)",0
12,13,"(12, 0)",0
12,14,"(13, 0)",0
12,15,"(14, 0)",0
12,16,"(15, 0)",0
12,17,"(16, 0)",0
12,18,"(17, 0)",0
12,19,"(18, 0)",0
12,20,"(19, 0)",0
12,21,"(20, 0)",0
12,22,"(21, 0)",0
12,23,"(22, 0)",0
12,24,"(23, 0)",0
12,25,"(24, 0)",0
12,26,"(25, 0)",0
12,27,"(26, 0)",0
12,28,"(27, 0)",0
12,29,"(28, 0)",0
12,30,"(29, 0)",0
12,31,"(30, 0)",0
12,32,"(31, 0)",0
12,33,"(32, 0)",0
12,34,"(33, 0)",0
12,35,"(34, 0)",0
12,36,"(35, 0)",0
12,37,"(36, 0)",0
12,38,"(37, 0)",0
12,39,"(38, 0)",0
12,40,"(39, 0)",0
12,41,"(40, 0)",0
12,42,"(41, 0)",0
12,43,"(42, 0)",0
12,44,"(43, 0)",0
12,45,"(44, 0)",0
12,46,"(45, 0)",0
12,47,"(46, 0)",0
12,48,"(47, 0)",0
12,49,"(48, 0)",0
12,50,"(49, 0)",0
12,51,"(50, 0)",0
12,52,"(51, 0)",0
12,53,"(52, 0)",0
12,54,"(53, 0)",0
12,55,"(54, 0)",0
12,56,"(55, 0)",0
12,57,"(56, 0)",0
12,58,"(57, 0)",0
12,59,"(58, 0)",0
12,60,"(59, 0)",0
12,61,"(60, 0)",0
12,62,"(61, 0)",0
12,63,"(62, 0)",0
12,64,"(63, 0)",0
12,65,"(64, 0)",0
12,66,"(65, 0)",0
12,67,"(66, 0)",0
12,68,"(67, 0)",0
12,69,"(68, 0)",0
12,70,"(69, 0)",0
12,71,"(70, 0)",0
12,72,"(71, 0)",0
12,73,"(72, 0)",0
12,74,"(73, 0)",0
12,75,"(74, 0)",0
12,76,"(75, 0)",0
12,77,"(76, 0)",0
12,78,"(77, 0)",0
12,79,"(78, 0)",0
12,80,"(79, 0)",0
12,81,"(80, 0)",0
12,82,"(81, 0)",0
12,83,"(82, 0)",0
12,84,"(83, 0)",0
12,85,"(84, 0)",0
12,86,"(85, 0)",0
12,87,"(86, 0)",0
12,88,"(87, 0)",0
12,89,"(88, 0)",1
12,90,"(89, 0)",0
12,91,"(90, 0)",1
12,92,"(91, 0)",0
12,93,"(92, 0)",1
12,94,"(93, 0)",0
12,95,"(94, 0)",1
12,96,"(95, 0)",0
12,97,"(96, 0)",1
12,98,"(97, 0)",0
12,99,"(98, 0)",1
12,100,"(99, 0)",0
12,101,"(100, 0)",1
13,1,"(0, 0)",0
13,2,"(1, 0)",0
13,3,"(2, 0)",0
13,4,"(3, 0)",0
13,5,"(4, 0)",0
13,6,"(5, 0)",0
13,7,"(6, 0)",0
13,8,"(7, 0)",0
13,9,"(8, 0)",0
13,10,"(9, 0)",0
13,11,"(10, 0)",0
13,12,"(11, 0)",0
13,13,"(12, 0)",0
13,14,"(13, 0)",0
13,15,"(14, 0)",0
13,16,"(15, 0)",0
13,17,"(16, 0)",0
13,18,"(17, 0)",0
13,19,"(18, 0)",0
13,20,"(19, 0)",0
13,21,"(20, 0)",0
13,22,"(21, 0)",0
13,23,"(22, 0)",0
13,24,"(23, 0)",0
13,25,"(24, 0)",0
13,26,"(25, 0)",0
13,27,"(26, 0)",0
13,28,"(27, 0)",0
13,29,"(28, 0)",0
13,30,"(29, 0)",0
13,31,"(30, 0)",0
13,32,"(31, 0)",0
13,33,"(32, 0)",0
13,34,"(33, 0)",0
13,35,"(34, 0)",0
13,36,"(35, 0)",0
13,37,"(36, 0)",0
13,38,"(37, 0)",0
13,39,"(38, 0)",0
13,40,"(39, 0)",0
13,41,"(40, 0)",0
13,42,"(41, 0)",0
13,43,"(42, 0)",0
13,44,"(43, 0)",0
13,45,"(44, 0)",0
13,46,"(45, 0)",0
13,47,"(46, 0)",0
13,48,"(47, 0)",0
13,49,"(48, 0)",0
13,50,"(49, 0)",0
13,51,"(50, 0)",0
13,52,"(51, 0)",0
13,53,"(52, 0)",0
13,54,"(53, 0)",0
13,55,"(54, 0)",0
13,56,"(55, 0)",0
13,57,"(56, 0)",0
13,58,"(57, 0)",0
13,59,"(58, 0)",0
13,60,"(59, 0)",0
13,61,"(60, 0)",0
13,62,"(61, 0)",0
13,63,"(62, 0)",0
13,64,"(63, 0)",0
13,65,"(64, 0)",0
13,66,"(65, 0)",0
13,67,"(66, 0)",0
13,68,"(67, 0)",0
13,69,"(68, 0)",0
13,70,"(69, 0)",0
13,71,"(70, 0)",0
13,72,"(71, 0)",0
13,73,"(72, 0)",0
13,74,"(73, 0)",0
13,75,"(74, 0)",0
13,76,"(75, 0)",0
13,77,"(76, 0)",0
13,78,"(77, 0)",0
13,79,"(78, 0)",0
13,80,"(79, 0)",0
13,81,"(80, 0)",0
13,82,"(81, 0)",0
13,83,"(82, 0)",0
13,84,"(83, 0)",0
13,85,"(84, 0)",0
13,86,"(85, 0)",0
13,87,"(86, 0)",0
13,88,"(87, 0)",1
13,89,"(88, 0)",1
13,90,"(89, 0)",1
13,91,"(90, 0)",1
13,92,"(91, 0)",1
13,93,"(92, 0)",1
13,94,"(93, 0)",1
13,95,"(94, 0)",1
13,96,"(95, 0)",1
13,97,"(96, 0)",1
13,98,"(97, 0)",1
13,99,"(98, 0)",1
13,100,"(99, 0)",1
13,101,"(100, 0)",1
14,1,"(0, 0)",0
14,2,"(1, 0)",0
14,3,"(2, 0)",0
14,4,"(3, 0)",0
14,5,"(4, 0)",0
14,6,"(5, 0)",0
14,7,"(6, 0)",0
14,8,"(7, 0)",0
14,9,"(8, 0)",0
14,10,"(9, 0)",0
14,11,"(10, 0)",0
14,12,"(11, 0)",0
14,13,"(12, 0)",0
14,14,"(13, 0)",0
14,15,"(14, 0)",0
14,16,"(15, 0)",0
14,17,"(16, 0)",0
14,18,"(17, 0)",0
14,19,"(18, 0)",0
14,20,"(19, 0)",0
14,21,"(20, 0)",0
14,22,"(21, 0)",0
14,23,"(22, 0)",0
14,24,"(23, 0)",0
14,25,"(24, 0)",0
14,26,"(25, 0)",0
14,27,"(26, 0)",0
14,28,"(27, 0)",0
14,29,"(28, 0)",0
14,30,"(29, 0)",0
14,31,"(30, 0)",0
14,32,"(31, 0)",0
14,33,"(32, 0)",0
14,34,"(33, 0)",0
14,35,"(34, 0)",0
14,36,"(35, 0)",0
14,37,"(36, 0)",0
14,38,"(37, 0)",0
14,39,"(38, 0)",0
14,40,"(39, 0)",0
14,41,"(40, 0)",0
14,42,"(41, 0)",0
14,43,"(42, 0)",0
14,44,"(43, 0)",0
14,45,"(44, 0)",0
14,46,"(45, 0)",0
14,47,"(46, 0)",0
14,48,"(47, 0)",0
14,49,"(48, 0)",0
14,50,"(49, 0)",0
14,51,"(50, 0)",0
14,52,"(51, 0)",0
14,53,"(52, 0)",0
14,54,"(53, 0)",0
14,55,"(54, 0)",0
14,56,"(55, 0)",0
14,57,"(56, 0)",0
14,58,"(57, 0)",0
14,59,"(58, 0)",0
14,60,"(59, 0)",0
14,61,"(60, 0)",0
14,62,"(61, 0)",0
14,63,"(62, 0)",0
14,64,"(63, 0)",0
14,65,"(64, 0)",0
14,66,"(65, 0)",0
14,67,"(66, 0)",0
14,68,"(67, 0)",0
14,69,"(68, 0)",0
14,70,"(69, 0)",0
14,71,"(70, 0)",0
14,72,"(71, 0)",0
14,73,"(72, 0)",0
14,74,"(73, 0)",0
14,75,"(74, 0)",0
14,76,"(75, 0)",0
14,77,"(76, 0)",0
14,78,"(77, 0)",0
14,79,"(78, 0)",0
14,80,"(79, 0)",0
14,81,"(80, 0)",0
14,82,"(81, 0)",0
14,83,"(82, 0)",0
14,84,"(83, 0)",0
14,85,"(84, 0)",0
14,86,"(85, 0)",0
14,87,"(86, 0)",1
14,88,"(87, 0)",0
14,89,"(88, 0)",1
14,90,"(89, 0)",0
14,91,"(90, 0)",1
14,92,"(91, 0)",0
14,93,"(92, 0)",1
14,94,"(93, 0)",0
14,95,"(94, 0)",1
14,96,"(95, 0)",0
14,97,"(96, 0)",1
14,98,"(97, 0)",0
14,99,"(98, 0)",1
14,100,"(99, 0)",0
14,101,"(100, 0)",1
15,1,"(0, 0)",0
15,2,"(1, 0)",0
15,3,"(2, 0)",0
15,4,"(3, 0)",0
15,5,"(4, 0)",0
15,6,"(5, 0)",0
15,7,"(6, 0)",0
15,8,"(7, 0)",0
15,9,"(8, 0)",0
15,10,"(9, 0)",0
15,11,"(10, 0)",0
15,12,"(11, 0)",0
15,13,"(12, 0)",0
15,14,"(13, 0)",0
15,15,"(14, 0)",0
15,16,"(15, 0)",0
15,17,"(16, 0)",0
15,18,"(17, 0)",0
15,19,"(18, 0)",0
15,20,"(19, 0)",0
15,21,"(20, 0)",0
15,22,"(21, 0)",0
15,23,"(22, 0)",0
15,24,"(23, 0)",0
15,25,"(24, 0)",0
15,26,"(25, 0)",0
15,27,"(26, 0)",0
15,28,"(27, 0)",0
15,29,"(28, 0)",0
15,30,"(29, 0)",0
15,31,"(30, 0)",0
15,32,"(31, 0)",0
15,33,"(32, 0)",0
15,34,"(33, 0)",0
15,35,"(34, 0)",0
15,36,"(35, 0)",0
15,37,"(36, 0)",0
15,38,"(37, 0)",0
15,39,"(38, 0)",0
15,40,"(39, 0)",0
15,41,"(40, 0)",0
15,42,"(41, 0)",0
15,43,"(42, 0)",0
15,44,"(43, 0)",0
15,45,"(44, 0)",0
15,46,"(45, 0)",0
15,47,"(46, 0)",0
15,48,"(47, 0)",0
15,49,"(48, 0)",0
15,50,"(49, 0)",0
15,51,"(50, 0)",0
15,52,"(51, 0)",0
15,53,"(52, 0)",0
15,54,"(53, 0)",0
15,55,"(54, 0)",0
15,56,"(55, 0)",0
15,57,"(56, 0)",0
15,58,"(57, 0)",0
15,59,"(58, 0)",0
15,60,"(59, 0)",0
15,61,"(60, 0)",0
15,62,"(61, 0)",0
15,63,"(62, 0)",0
15,64,"(63, 0)",0
15,65,"(64, 0)",0
15,66,"(65, 0)",0
15,67,"(66, 0)",0
15,68,"(67, 0)",0
15,69,"(68, 0)",0
15,70,"(69, 0)",0
15,71,"(70, 0)",0
15,72,"(71, 0)",0
15,73,"(72, 0)",0
15,74,"(73, 0)",0
15,75,"(74, 0)",0
15,76,"(75, 0)",0
15,77,"(76, 0)",0
15,78,"(77, 0)",0
15,79,"(78, 0)",0
15,80,"(79, 0)",0
15,81,"(80, 0)",0
15,82,"(81, 0)",0
15,83,"(82, 0)",0
15,84,"(83, 0)",0
15,85,"(84, 0)",0
15,86,"(85, 0)",1
15,87,"(86, 0)",1
15,88,"(87, 0)",1
15,89,"(88, 0)",1
15,90,"(89, 0)",1
15,91,"(90, 0)",1
15,92,"(91, 0)",1
15,93,"(92, 0)",1
15,94,"(93, 0)",1
15,95,"(94, 0)",1
15,96,"(95, 0)",1
15,97,"(96, 0)",1
15,98,"(97, 0)",1
15,99,"(98, 0)",1
15,100,"(99, 0)",1
15,101,"(100, 0)",1
16,1,"(0, 0)",0
16,2,"(1, 0)",0
16,3,"(2, 0)",0
16,4,"(3, 0)",0
16,5,"(4, 0)",0
16,6,"(5, 0)",0
16,7,"(6, 0)",0
16,8,"(7, 0)",0
16,9,"(8, 0)",0
16,10,"(9, 0)",0
16,11,"(10, 0)",0
16,12,"(11, 0)",0
16,13,"(12, 0)",0
16,14,"(13, 0)",0
16,15,"(14, 0)",0
16,16,"(15, 0)",0
16,17,"(16, 0)",0
16,18,"(17, 0)",0
16,19,"(18, 0)",0
16,20,"(19, 0)",0
16,21,"(20, 0)",0
16,22,"(21, 0)",0
16,23,"(22, 0)",0
16,24,"(23, 0)",0
16,25,"(24, 0)",0
16,26,"(25, 0)",0
16,27,"(26, 0)",0
16,28,"(27, 0)",0
16,29,"(28, 0)",0
16,30,"(29, 0)",0
16,31,"(30, 0)",0
16,32,"(31, 0)",0
16,33,"(32, 0)",0
16,34,"(33, 0)",0
16,35,"(34, 0)",0
16,36,"(35, 0)",0
16,37,"(36, 0)",0
16,38,"(37, 0)",0
16,39,"(38, 0)",0
16,40,"(39, 0)",0
16,41,"(40, 0)",0
16,42,"(41, 0)",0
16,43,"(42, 0)",0
16,44,"(43, 0)",0
16,45,"(44, 0)",0
16,46,"(45, 0)",0
16,47,"(46, 0)",0
16,48,"(47, 0)",0
16,49,"(48, 0)",0
16,50,"(49, 0)",0
16,51,"(50, 0)",0
16,52,"(51, 0)",0
16,53,"(52, 0)",0
16,54,"(53, 0)",0
16,55,"(54, 0)",0
16,56,"(55, 0)",0
16,57,"(56, 0)",0
16,58,"(57, 0)",0
16,59,"(58, 0)",0
16,60,"(59, 0)",0
16,61,"(60, 0)",0
16,62,"(61, 0)",0
16,63,"(62, 0)",0
16,64,"(63, 0)",0
16,65,"(64, 0)",0
16,66,"(65, 0)",0
16,67,"(66, 0)",0
16,68,"(67, 0)",0
16,69,"(68, 0)",0
16,70,"(69, 0)",0
16,71,"(70, 0)",0
16,72,"(71, 0)",0
16,73,"(72, 0)",0
16,74,"(73, 0)",0
16,75,"(74, 0)",0
16,76,"(75, 0)",0
16,77,"(76, 0)",0
16,78,"(77, 0)",0
16,79,"(78, 0)",0
16,80,"(79, 0)",0
16,81,"(80, 0)",0
16,82,"(81, 0)",0
16,83,"(82, 0)",0
16,84,"(83, 0)",0
16,85,"(84, 0)",1
16,86,"(85, 0)",0
16,87,"(86, 0)",1
16,88,"(87, 0)",0
16,89,"(88, 0)",1
16,90,"(89, 0)",0
16,91,"(90, 0)",1
16,92,"(91, 0)",0
16,93,"(92, 0)",1
16,94,"(93, 0)",0
16,95,"(94, 0)",1
16,96,"(95, 0)",0
16,97,"(96, 0)",1
16,98,"(97, 0)",0
16,99,"(98, 0)",1
16,100,"(99, 0)",0
16,101,"(100, 0)",1
17,1,"(0, 0)",0
17,2,"(1, 0)",0
17,3,"(2, 0)",0
17,4,"(3, 0)",0
17,5,"(4, 0)",0
17,6,"(5, 0)",0
17,7,"(6, 0)",0
17,8,"(7, 0)",0
17,9,"(8, 0)",0
17,10,"(9, 0)",0
17,11,"(10, 0)",0
17,12,"(11, 0)",0
17,13,"(12, 0)",0
17,14,"(13, 0)",0
17,15,"(14, 0)",0
17,16,"(15, 0)",0
17,17,"(16, 0)",0
17,18,"(17, 0)",0
17,19,"(18, 0)",0
17,20,"(19, 0)",0
17,21,"(20, 0)",0
17,22,"(21, 0)",0
17,23,"(22, 0)",0
17,24,"(23, 0)",0
17,25,"(24, 0)",0
17,26,"(25, 0)",0
17,27,"(26, 0)",0
17,28,"(27, 0)",0
17,29,"(28, 0)",0
17,30,"(29, 0)",0
17,31,"(30, 0)",0
17,32,"(31, 0)",0
17,33,"(32, 0)",0
17,34,"(33, 0)",0
17,35,"(34, 0)",0
17,36,"(35, 0)",0
17,37,"(36, 0)",0
17,38,"(37, 0)",0
17,39,"(38, 0)",0
17,40,"(39, 0)",0
17,41,"(40, 0)",0
17,42,"(41, 0)",0
17,43,"(42, 0)",0
17,44,"(43, 0)",0
17,45,"(44, 0)",0
17,46,"(45, 0)",0
17,47,"(46, 0)",0
17,48,"(47, 0)",0
17,49,"(48, 0)",0
17,50,"(49, 0)",0
17,51,"(50, 0)",0
17,52,"(51, 0)",0
17,53,"(52, 0)",0
17,54,"(53, 0)",0
17,55,"(54, 0)",0
17,56,"(55, 0)",0
17,57,"(56, 0)",0
17,58,"(57, 0)",0
17,59,"(58, 0)",0
17,60,"(59, 0)",0
17,61,"(60, 0)",0
17,62,"(61, 0)",0
17,63,"(62, 0)",0
17,64,"(63, 0)",0
17,65,"(64, 0)",0
17,66,"(65, 0)",0
17,67,"(66, 0)",0
17,68,"(67, 0)",0
17,69,"(68, 0)",0
17,70,"(69, 0)",0
17,71,"(70, 0)",0
17,72,"(71, 0)",0
17,73,"(72, 0)",0
17,74,"(73, 0)",0
17,75,"(74, 0)",0
17,76,"(75, 0)",0
17,77,"(76, 0)",0
17,78,"(77, 0)",0
17,79,"(78, 0)",0
17,80,"(79, 0)",0
17,81,"(80, 0)",0
17,82,"(81, 0)",0
17,83,"(82, 0)",0
17,84,"(83, 0)",1
17,85,"(84, 0)",1
17,86,"(85, 0)",1
17,87,"(86, 0)",1
17,88,"(87, 0)",1
17,89,"(88, 0)",1
17,90,"(89, 0)",1
17,91,"(90, 0)",1
17,92,"(91, 0)",1
17,93,"(92, 0)",1
17,94,"(93, 0)",1
17,95,"(94, 0)",1
17,96,"(95, 0)",1
17,97,"(96, 0)",1
17,98,"(97, 0)",1
17,99,"(98, 0)",1
17,100,"(99, 0)",1
17,101,"(100, 0)",1
18,1,"(0, 0)",0
18,2,"(1, 0)",0
18,3,"(2, 0)",0
18,4,"(3, 0)",0
18,5,"(4, 0)",0
18,6,"(5, 0)",0
18,7,"(6, 0)",0
18,8,"(7, 0)",0
18,9,"(8, 0)",0
18,10,"(9, 0)",0
18,11,"(10, 0)",0
18,12,"(11, 0)",0
18,13,"(12, 0)",0
18,14,"(13, 0)",0
18,15,"(14, 0)",0
18,16,"(15, 0)",0
18,17,"(16, 0)",0
18,18,"(17, 0)",0
18,19,"(18, 0)",0
18,20,"(19, 0)",0
18,21,"(20, 0)",0
18,22,"(21, 0)",0
18,23,"(22, 0)",0
18,24,"(23, 0)",0
18,25,"(24, 0)",0
18,26,"(25, 0)",0
18,27,"(26, 0)",0
18,28,"(27, 0)",0
18,29,"(28, 0)",0
18,30,"(29, 0)",0
18,31,"(30, 0)",0
18,32,"(31, 0)",0
18,33,"(32, 0)",0
18,34,"(33, 0)",0
18,35,"(34, 0)",0
18,36,"(35, 0)",0
18,37,"(36, 0)",0
18,38,"(37, 0)",0
18,39,"(38, 0)",0
18,40,"(39, 0)",0
18,41,"(40, 0)",0
18,42,"(41, 0)",0
18,43,"(42, 0)",0
18,44,"(43, 0)",0
18,45,"(44, 0)",0
18,46,"(45, 0)",0
18,47,"(46, 0)",0
18,48,"(47, 0)",0
18,49,"(48, 0)",0
18,50,"(49, 0)",0
18,51,"(50, 0)",0
18,52,"(51, 0)",0
18,53,"(52, 0)",0
18,54,"(53, 0)",0
18,55,"(54, 0)",0
18,56,"(55, 0)",0
18,57,"(56, 0)",0
18,58,"(57, 0)",0
18,59,"(58, 0)",0
18,60,"(59, 0)",0
18,61,"(60, 0)",0
18,62,"(61, 0)",0
18,63,"(62, 0)",0
18,64,"(63, 0)",0
18,65,"(64, 0)",0
18,66,"(65, 0)",0
18,67,"(66, 0)",0
18,68,"(67, 0)",0
18,69,"(68, 0)",0
18,70,"(69, 0)",0
18,71,"(70, 0)",0
18,72,"(71, 0)",0
18,73,"(72, 0)",0
18,74,"(73, 0)",0
18,75,"(74, 0)",0
18,76,"(75, 0)",0
18,77,"(76, 0)",0
18,78,"(77, 0)",0
18,79,"(78, 0)",0
18,80,"(79, 0)",0
18,81,"(80, 0)",0
18,82,"(81, 0)",0
18,83,"(82, 0)",1
18,84,"(83, 0)",0
18,85,"(84, 0)",1
18,86,"(85, 0)",0
18,87,"(86, 0)",1
18,88,"(87, 0)",0
18,89,"(88, 0)",1
18,90,"(89, 0)",0
18,91,"(90, 0)",1
18,92,"(91, 0)",0
18,93,"(92, 0)",1
18,94,"(93, 0)",0
18,95,"(94, 0)",1
18,96,"(95, 0)",0
18,97,"(96, 0)",1
18,98,"(97, 0)",0
18,99,"(98, 0)",1
18,100,"(99, 0)",0
18,101,"(100, 0)",1
19,1,"(0, 0)",0
19,2,"(1, 0)",0
19,3,"(2, 0)",0
19,4,"(3, 0)",0
19,5,"(4, 0)",0
19,6,"(5, 0)",0
19,7,"(6, 0)",0
19,8,"(7, 0)",0
19,9,"(8, 0)",0
19,10,"(9, 0)",0
19,11,"(10, 0)",0
19,12,"(11, 0)",0
19,13,"(12, 0)",0
19,14,"(13, 0)",0
19,15,"(14, 0)",0
19,16,"(15, 0)",0
19,17,"(16, 0)",0
19,18,"(17, 0)",0
19,19,"(18, 0)",0
19,20,"(19, 0)",0
19,21,"(20, 0)",0
19,22,"(21, 0)",0
19,23,"(22, 0)",0
19,24,"(23, 0)",0
19,25,"(24, 0)",0
19,26,"(25, 0)",0
19,27,"(26, 0)",0
19,28,"(27, 0)",0
19,29,"(28, 0)",0
19,30,"(29, 0)",0
19,31,"(30, 0)",0
19,32,"(31, 0)",0
19,33,"(32, 0)",0
19,34,"(33, 0)",0
19,35,"(34, 0)",0
19,36,"(35, 0)",0
19,37,"(36, 0)",0
19,38,"(37, 0)",0
19,39,"(38, 0)",0
19,40,"(39, 0)",0
19,41,"(40, 0)",0
19,42,"(41, 0)",0
19,43,"(42, 0)",0
19,44,"(43, 0)",0
19,45,"(44, 0)",0
19,46,"(45, 0)",0
19,47,"(46, 0)",0
19,48,"(47, 0)",0
19,49,"(48, 0)",0
19,50,"(49, 0)",0
19,51,"(50, 0)",0
19,52,"(51, 0)",0
19,53,"(52, 0)",0
19,54,"(53, 0)",0
19,55,"(54, 0)",0
19,56,"(55, 0)",0
19,57,"(56, 0)",0
19,58,"(57, 0)",0
19,59,"(58, 0)",0
19,60,"(59, 0)",0
19,61,"(60, 0)",0
19,62,"(61, 0)",0
19,63,"(62, 0)",0
19,64,"(63, 0)",0
19,65,"(64, 0)",0
19,66,"(65, 0)",0
19,67,"(66, 0)",0
19,68,"(67, 0)",0
19,69,"(68, 0)",0
19,70,"(69, 0)",0
19,71,"(70, 0)",0
19,72,"(71, 0)",0
19,73,"(72, 0)",0
19,74,"(73, 0)",0
19,75,"(74, 0)",0
19,76,"(75, 0)",0
19,77,"(76, 0)",0
19,78,"(77, 0)",0
19,79,"(78, 0)",0
19,80,"(79, 0)",0
19,81,"(80, 0)",0
19,82,"(81, 0)",1
19,83,"(82, 0)",1
19,84,"(83, 0)",1
19,85,"(84, 0)",1
19,86,"(85, 0)",1
19,87,"(86, 0)",1
19,88,"(87, 0)",1
19,89,"(88, 0)",1
19,90,"(89, 0)",1
19,91,"(90, 0)",1
19,92,"(91, 0)",1
19,93,"(92, 0)",1
19,94,"(93, 0)",1
19,95,"(94, 0)",1
19,96,"(95, 0)",1
19,97,"(96, 0)",1
19,98,"(97, 0)",1
19,99,"(98, 0)",1
19,100,"(99, 0)",1
19,101,"(100, 0)",1
20,1,"(0, 0)",0
20,2,"(1, 0)",0
20,3,"(2, 0)",0
20,4,"(3, 0)",0
20,5,"(4, 0)",0
20,6,"(5, 0)",0
20,7,"(6, 0)",0
20,8,"(7, 0)",0
20,9,"(8, 0)",0
20,10,"(9, 0)",0
20,11,"(10, 0)",0
20,12,"(11, 0)",0
20,13,"(12, 0)",0
20,14,"(13, 0)",0
20,15,"(14, 0)",0
20,16,"(15, 0)",0
20,17,"(16, 0)",0
20,18,"(17, 0)",0
20,19,"(18, 0)",0
20,20,"(19, 0)",0
20,21,"(20, 0)",0
20,22,"(21, 0)",0
20,23,"(22, 0)",0
20,24,"(23, 0)",0
20,25,"(24, 0)",0
20,26,"(25, 0)",0
20,27,"(26, 0)",0
20,28,"(27, 0)",0
20,29,"(28, 0)",0
20,30,"(29, 0)",0
20,31,"(30, 0)",0
20,32,"(31, 0)",0
20,33,"(32, 0)",0
20,34,"(33, 0)",0
20,35,"(34, 0)",0
20,36,"(35, 0)",0
20,37,"(36, 0)",0
20,38,"(37, 0)",0
20,39,"(38, 0)",0
20,40,"(39, 0)",0
20,41,"(40, 0)",0
20,42,"(41, 0)",0
20,43,"(42, 0)",0
20,44,"(43, 0)",0
20,45,"(44, 0)",0
20,46,"(45, 0)",0
20,47,"(46, 0)",0
20,48,"(47, 0)",0
20,49,"(48, 0)",0
20,50,"(49, 0)",0
20,51,"(50, 0)",0
20,52,"(51, 0)",0
20,53,"(52, 0)",0
20,54,"(53, 0)",0
20,55,"(54, 0)",0
20,56,"(55, 0)",0
20,57,"(56, 0)",0
20,58,"(57, 0)",0
20,59,"(58, 0)",0
20,60,"(59, 0)",0
20,61,"(60, 0)",0
20,62,"(61, 0)",0
20,63,"(62, 0)",0
20,64,"(63, 0)",0
20,65,"(64, 0)",0
20,66,"(65, 0)",0
20,67,"(66, 0)",0
20,68,"(67, 0)",0
20,69,"(68, 0)",0
20,70,"(69, 0)",0
20,71,"(70, 0)",0
20,72,"(71, 0)",0
20,73,"(72, 0)",0
20,74,"(73, 0)",0
20,75,"(74, 0)",0
20,76,"(75, 0)",0
20,77,"(76, 0)",0
20,78,"(77, 0)",0
20,79,"(78, 0)",0
20,80,"(79, 0)",0
20,81,"(80, 0)",1
20,82,"(81, 0)",0
20,83,"(82, 0)",1
20,84,"(83, 0)",0
20,85,"(84, 0)",1
20,86,"(85, 0)",0
20,87,"(86, 0)",1
20,88,"(87, 0)",0
20,89,"(88, 0)",1
20,90,"(89, 0)",0
20,91,"(90, 0)",1
20,92,"(91, 0)",0
20,93,"(92, 0)",1
20,94,"(93, 0)",0
20,95,"(94, 0)",1
20,96,"(95, 0)",0
20,97,"(96, 0)",1
20,98,"(97, 0)",0
20,99,"(98, 0)",1
20,100,"(99, 0)",0
20,101,"(100, 0)",1
21,1,"(0, 0)",0
21,2,"(1, 0)",0
21,3,"(2, 0)",0
21,4,"(3, 0)",0
21,5,"(4, 0)",0
21,6,"(5, 0)",0
21,7,"(6, 0)",0
21,8,"(7, 0)",0
21,9,"(8, 0)",0
21,10,"(9, 0)",0
21,11,"(10, 0)",0
21,12,"(11, 0)",0
21,13,"(12, 0)",0
21,14,"(13, 0)",0
21,15,"(14, 0)",0
21,16,"(15, 0)",0
21,17,"(16, 0)",0
21,18,"(17, 0)",0
21,19,"(18, 0)",0
21,20,"(19, 0)",0
21,21,"(20, 0)",0
21,22,"(21, 0)",0
21,23,"(22, 0)",0
21,24,"(23, 0)",0
21,25,"(24, 0)",0
21,26,"(25, 0)",0
21,27,"(26, 0)",0
21,28,"(27, 0)",0
21,29,"(28, 0)",0
21,30,"(29, 0)",0
21,31,"(30, 0)",0
21,32,"(31, 0)",0
21,33,"(32, 0)",0
21,34,"(33, 0)",0
21,35,"(34, 0)",0
21,36,"(35, 0)",0
21,37,"(36, 0)",0
21,38,"(37, 0)",0
21,39,"(38, 0)",0
21,40,"(39, 0)",0
21,41,"(40, 0)",0
21,42,"(41, 0)",0
21,43,"(42, 0)",0
21,44,"(43, 0)",0
21,45,"(44, 0)",0
21,46,"(45, 0)",0
21,47,"(46, 0)",0
21,48,"(47, 0)",0
21,49,"(48, 0)",0
21,50,"(49, 0)",0
21,51,"(50, 0)",0
21,52,"(51, 0)",0
21,53,"(52, 0)",0
21,54,"(53, 0)",0
21,55,"(54, 0)",0
21,56,"(55, 0)",0
21,57,"(56, 0)",0
21,58,"(57, 0)",0
21,59,"(58, 0)",0
21,60,"(59, 0)",0
21,61,"(60, 0)",0
21,62,"(61, 0)",0
21,63,"(62, 0)",0
21,64,"(63, 0)",0
21,65,"(64, 0)",0
21,66,"(65, 0)",0
21,67,"(66, 0)",0
21,68,"(67, 0)",0
21,69,"(68, 0)",0
21,70,"(69, 0)",0
21,71,"(70, 0)",0
21,72,"(71, 0)",0
21,73,"(72, 0)",0
21,74,"(73, 0)",0
21,75,"(74, 0)",0
21,76,"(75, 0)",0
21,77,"(76, 0)",0
21,78,"(77, 0)",0
21,79,"(78, 0)",0
21,80,"(79, 0)",1
21,81,"(80, 0)",1
21,82,"(81, 0)",1
21,83,"(82, 0)",1
21,84,"(83, 0)",1
21,85,"(84, 0)",1
21,86,"(85, 0)",1
21,87,"(86, 0)",1
21,88,"(87, 0)",1
21,89,"(88, 0)",1
21,90,"(89, 0)",1
21,91,"(90, 0)",1
21,92,"(91, 0)",1
21,93,"(92, 0)",1
21,94,"(93, 0)",1
21,95,"(94, 0)",1
21,96,"(95, 0)",1
21,97,"(96, 0)",1
21,98,"(97, 0)",1
21,99,"(98, 0)",1
21,100,"(99, 0)",1
21,101,"(100, 0)",1
22,1,"(0, 0)",0
22,2,"(1, 0)",0
22,3,"(2, 0)",0
22,4,"(3, 0)",0
22,5,"(4, 0)",0
22,6,"(5, 0)",0
22,7,"(6, 0)",0
22,8,"(7, 0)",0
22,9,"(8, 0)",0
22,10,"(9, 0)",0
22,11,"(10, 0)",0
22,12,"(11, 0)",0
22,13,"(12, 0)",0
22,14,"(13, 0)",0
22,15,"(14, 0)",0
22,16,"(15, 0)",0
22,17,"(16, 0)",0
22,18,"(17, 0)",0
22,19,"(18, 0)",0
22,20,"(19, 0)",0
22,21,"(20, 0)",0
22,22,"(21, 0)",0
22,23,"(22, 0)",0
22,24,"(23, 0)",0
22,25,"(24, 0)",0
22,26,"(25, 0)",0
22,27,"(26, 0)",0
22,28,"(27, 0)",0
22,29,"(28, 0)",0
22,30,"(29, 0)",0
22,31,"(30, 0)",0
22,32,"(31, 0)",0
22,33,"(32, 0)",0
22,34,"(33, 0)",0
22,35,"(34, 0)",0
22,36,"(35, 0)",0
22,37,"(36, 0)",0
22,38,"(37, 0)",0
22,39,"(38, 0)",0
22,40,"(39, 0)",0
22,41,"(40, 0)",0
22,42,"(41, 0)",0
22,43,"(42, 0)",0
22,44,"(43, 0)",0
22,45,"(44, 0)",0
22,46,"(45, 0)",0
22,47,"(46, 0)",0
22,48,"(47, 0)",0
22,49,"(48, 0)",0
22,50,"(49, 0)",0
22,51,"(50, 0)",0
22,52,"(51, 0)",0
22,53,"(52, 0)",0
22,54,"(53, 0)",0
22,55,"(54, 0)",0
22,56,"(55, 0)",0
22,57,"(56, 0)",0
22,58,"(57, 0)",0
22,59,"(58, 0)",0
22,60,"(59, 0)",0
22,61,"(60, 0)",0
22,62,"(61, 0)",0
22,63,"(62, 0)",0
22,64,"(63, 0)",0
22,65,"(64, 0)",0
22,66,"(65, 0)",0
22,67,"(66, 0)",0
22,68,"(67, 0)",0
22,69,"(68, 0)",0
22,70,"(69, 0)",0
22,71,"(70, 0)",0
22,72,"(71, 0)",0
22,73,"(72, 0)",0
22,74,"(73, 0)",0
22,75,"(74, 0)",0
22,76,"(75, 0)",0
22,77,"(76, 0)",0
22,78,"(77, 0)",0
22,79,"(78, 0)",1
22,80,"(79, 0)",0
22,81,"(80, 0)",1
22,82,"(81, 0)",0
22,83,"(82, 0)",1
22,84,"(83, 0)",0
22,85,"(84, 0)",1
22,86,"(85, 0)",0
22,87,"(86, 0)",1
22,88,"(87, 0)",0
22,89,"(88, 0)",1
22,90,"(89, 0)",0
22,91,"(90, 0)",1
22,92,"(91, 0)",0
22,93,"(92, 0)",1
22,94,"(93, 0)",0
22,95,"(94, 0)",1
22,96,"(95, 0)",0
22,97,"(96, 0)",1
22,98,"(97, 0)",0
22,99,"(98, 0)",1
22,100,"(99, 0)",0
22,101,"(100, 0)",1
23,1,"(0, 0)",0
23,2,"(1, 0)",0
23,3,"(2, 0)",0
23,4,"(3, 0)",0
23,5,"(4, 0)",0
23,6,"(5, 0)",0
23,7,"(6, 0)",0
23,8,"(7, 0)",0
23,9,"(8, 0)",0
23,10,"(9, 0)",0
23,11,"(10, 0)",0
23,12,"(11, 0)",0
23,13,"(12, 0)",0
23,14,"(13, 0)",0
23,15,"(14, 0)",0
23,16,"(15, 0)",0
23,17,"(16, 0)",0
23,18,"(17, 0)",0
23,19,"(18, 0)",0
23,20,"(19, 0)",0
23,21,"(20, 0)",0
23,22,"(21, 0)",0
23,23,"(22, 0)",0
23,24,"(23, 0)",0
23,25,"(24, 0)",0
23,26,"(25, 0)",0
23,27,"(26, 0)",0
23,28,"(27, 0)",0
23,29,"(28, 0)",0
23,30,"(29, 0)",0
23,31,"(30, 0)",0
23,32,"(31, 0)",0
23,33,"(32, 0)",0
23,34,"(33, 0)",0
23,35,"(34, 0)",0
23,36,"(35, 0)",0
23,37,"(36, 0)",0
23,38,"(37, 0)",0
23,39,"(38, 0)",0
23,40,"(39, 0)",0
23,41,"(40, 0)",0
23,42,"(41, 0)",0
23,43,"(42, 0)",0
23,44,"(43, 0)",0
23,45,"(44, 0)",0
23,46,"(45, 0)",0
23,47,"(46, 0)",0
23,48,"(47, 0)",0
23,49,"(48, 0)",0
23,50,"(49, 0)",0
23,51,"(50, 0)",0
23,52,"(51, 0)",0
23,53,"(52, 0)",0
23,54,"(53, 0)",0
23,55,"(54, 0)",0
23,56,"(55, 0)",0
23,57,"(56, 0)",0
23,58,"(57, 0)",0
23,59,"(58, 0)",0
23,60,"(59, 0)",0
23,61,"(60, 0)",0
23,62,"(61, 0)",0
23,63,"(62, 0)",0
23,64,"(63, 0)",0
23,65,"(64, 0)",0
23,66,"(65, 0)",0
23,67,"(66, 0)",0
23,68,"(67, 0)",0
23,69,"(68, 0)",0
23,70,"(69, 0)",0
23,71,"(70, 0)",0
23,72,"(71, 0)",0
23,73,"(72, 0)",0
23,74,"(73, 0)",0
23,75,"(74, 0)",0
23,76,"(75, 0)",0
23,77,"(76, 0)",0
23,78,"(77, 0)",1
23,79,"(78, 0)",1
23,80,"(79, 0)",1
23,81,"(80, 0)",1
23,82,"(81, 0)",1
23,83,"(82, 0)",1
23,84,"(83, 0)",1
23,85,"(84, 0)",1
23,86,"(85, 0)",1
23,87,"(86, 0)",1
23,88,"(87, 0)",1
23,89,"(88, 0)",1
23,90,"(89, 0)",1
23,91,"(90, 0)",1
23,92,"(91, 0)",1
23,93,"(92, 0)",1
23,94,"(93, 0)",1
23,95,"(94, 0)",1
23,96,"(95, 0)",1
23,97,"(96, 0)",1
23,98,"(97, 0)",1
23,99,"(98, 0)",1
23,100,"(99, 0)",1
23,101,"(100, 0)",1
24,1,"(0, 0)",0
24,2,"(1, 0)",0
24,3,"(2, 0)",0
24,4,"(3, 0)",0
24,5,"(4, 0)",0
24,6,"(5, 0)",0
24,7,"(6, 0)",0
24,8,"(7, 0)",0
24,9,"(8, 0)",0
24,10,"(9, 0)",0
24,11,"(10, 0)",0
24,12,"(11, 0)",0
24,13,"(12, 0)",0
24,14,"(13, 0)",0
24,15,"(14, 0)",0
24,16,"(15, 0)",0
24,17,"(16, 0)",0
24,18,"(17, 0)",0
24,19,"(18, 0)",0
24,20,"(19, 0)",0
24,21,"(20, 0)",0
24,22,"(21, 0)",0
24,23,"(22, 0)",0
24,24,"(23, 0)",0
24,25,"(24, 0)",0
24,26,"(25, 0)",0
24,27,"(26, 0)",0
24,28,"(27, 0)",0
24,29,"(28, 0)",0
24,30,"(29, 0)",0
24,31,"(30, 0)",0
24,32,"(31, 0)",0
24,33,"(32, 0)",0
24,34,"(33, 0)",0
24,35,"(34, 0)",0
24,36,"(35, 0)",0
24,37,"(36, 0)",0
24,38,"(37, 0)",0
24,39,"(38, 0)",0
24,40,"(39, 0)",0
24,41,"(40, 0)",0
24,42,"(41, 0)",0
24,43,"(42, 0)",0
24,44,"(43, 0)",0
24,45,"(44, 0)",0
24,46,"(45, 0)",0
24,47,"(46, 0)",0
24,48,"(47, 0)",0
24,49,"(48, 0)",0
24,50,"(49, 0)",0
24,51,"(50, 0)",0
24,52,"(51, 0)",0
24,53,"(52, 0)",0
24,54,"(53, 0)",0
24,55,"(54, 0)",0
24,56,"(55, 0)",0
24,57,"(56, 0)",0
24,58,"(57, 0)",0
24,59,"(58, 0)",0
24,60,"(59, 0)",0
24,61,"(60, 0)",0
24,62,"(61, 0)",0
24,63,"(62, 0)",0
24,64,"(63, 0)",0
24,65,"(64, 0)",0
24,66,"(65, 0)",0
24,67,"(66, 0)",0
24,68,"(67, 0)",0
24,69,"(68, 0)",0
24,70,"(69, 0)",0
24,71,"(70, 0)",0
24,72,"(71, 0)",0
24,73,"(72, 0)",0
24,74,"(73, 0)",0
24,75,"(74, 0)",0
24,76,"(75, 0)",0
24,77,"(76, 0)",1
24,78,"(77, 0)",0
24,79,"(78, 0)",1
24,80,"(79, 0)",0
24,81,"(80, 0)",1
24,82,"(81, 0)",0
24,83,"(82, 0)",1
24,84,"(83, 0)",0
24,85,"(84, 0)",1
24,86,"(85, 0)",0
24,87,"(86, 0)",1
24,88,"(87, 0)",0
24,89,"(88, 0)",1
24,90,"(89, 0)",0
24,91,"(90, 0)",1
24,92,"(91, 0)",0
24,93,"(92, 0)",1
24,94,"(93, 0)",0
24,95,"(94, 0)",1
24,96,"(95, 0)",0
24,97,"(96, 0)",1
24,98,"(97, 0)",0
24,99,"(98, 0)",1
24,100,"(99, 0)",0
24,101,"(100, 0)",1
25,1,"(0, 0)",0
25,2,"(1, 0)",0
25,3,"(2, 0)",0
25,4,"(3, 0)",0
25,5,"(4, 0)",0
25,6,"(5, 0)",0
25,7,"(6, 0)",0
25,8,"(7, 0)",0
25,9,"(8, 0)",0
25,10,"(9, 0)",0
25,11,"(10, 0)",0
25,12,"(11, 0)",0
25,13,"(12, 0)",0
25,14,"(13, 0)",0
25,15,"(14, 0)",0
25,16,"(15, 0)",0
25,17,"(16, 0)",0
25,18,"(17, 0)",0
25,19,"(18, 0)",0
25,20,"(19, 0)",0
25,21,"(20, 0)",0
25,22,"(21, 0)",0
25,23,"(22, 0)",0
25,24,"(23, 0)",0
25,25,"(24, 0)",0
25,26,"(25, 0)",0
25,27,"(26, 0)",0
25,28,"(27, 0)",0
25,29,"(28, 0)",0
25,30,"(29, 0)",0
25,31,"(30, 0)",0
25,32,"(31, 0)",0
25,33,"(32, 0)",0
25,34,"(33, 0)",0
25,35,"(34, 0)",0
25,36,"(35, 0)",0
25,37,"(36, 0)",0
25,38,"(37, 0)",0
25,39,"(38, 0)",0
25,40,"(39, 0)",0
25,41,"(40, 0)",0
25,42,"(41, 0)",0
25,43,"(42, 0)",0
25,44,"(43, 0)",0
25,45,"(44, 0)",0
25,46,"(45, 0)",0
25,47,"(46, 0)",0
25,48,"(47, 0)",0
25,49,"(48, 0)",0
25,50,"(49, 0)",0
25,51,"(50, 0)",0
25,52,"(51, 0)",0
25,53,"(52, 0)",0
25,54,"(53, 0)",0
25,55,"(54, 0)",0
25,56,"(55, 0)",0
25,57,"(56, 0)",0
25,58,"(57, 0)",0
25,59,"(58, 0)",0
25,60,"(59, 0)",0
25,61,"(60, 0)",0
25,62,"(61, 0)",0
25,63,"(62, 0)",0
25,64,"(63, 0)",0
25,65,"(64, 0)",0
25,66,"(65, 0)",0
25,67,"(66, 0)",0
25,68,"(67, 0)",0
25,69,"(68, 0)",0
25,70,"(69, 0)",0
25,71,"(70, 0)",0
25,72,"(71, 0)",0
25,73,"(72, 0)",0
25,74,"(73, 0)",0
25,75,"(74, 0)",0
25,76,"(75, 0)",1
25,77,"(76, 0)",1
25,78,"(77, 0)",1
25,79,"(78, 0)",1
25,80,"(79, 0)",1
25,81,"(80, 0)",1
25,82,"(81, 0)",1
25,83,"(82, 0)",1
25,84,"(83, 0)",1
25,85,"(84, 0)",1
25,86,"(85, 0)",1
25,87,"(86, 0)",1
25,88,"(87, 0)",1
25,89,"(88, 0)",1
25,90,"(89, 0)",1
25,91,"(90, 0)",1
25,92,"(91, 0)",1
25,93,"(92, 0)",1
25,94,"(93, 0)",1
25,95,"(94, 0)",1
25,96,"(95, 0)",1
25,97,"(96, 0)",1
25,98,"(97, 0)",1
25,99,"(98, 0)",1
25,100,"(99, 0)",1
25,101,"(100, 0)",1
26,1,"(0, 0)",0
26,2,"(1, 0)",0
26,3,"(2, 0)",0
26,4,"(3, 0)",0
26,5,"(4, 0)",0
26,6,"(5, 0)",0
26,7,"(6, 0)",0
26,8,"(7, 0)",0
26,9,"(8, 0)",0
26,10,"(9, 0)",0
26,11,"(10, 0)",0
26,12,"(11, 0)",0
26,13,"(12, 0)",0
26,14,"(13, 0)",0
26,15,"(14, 0)",0
26,16,"(15, 0)",0
26,17,"(16, 0)",0
26,18,"(17, 0)",0
26,19,"(18, 0)",0
26,20,"(19, 0)",0
26,21,"(20, 0)",0
26,22,"(21, 0)",0
26,23,"(22, 0)",0
26,24,"(23, 0)",0
26,25,"(24, 0)",0
26,26,"(25, 0)",0
26,27,"(26, 0)",0
26,28,"(27, 0)",0
26,29,"(28, 0)",0
26,30,"(29, 0)",0
26,31,"(30, 0)",0
26,32,"(31, 0)",0
26,33,"(32, 0)",0
26,34,"(33, 0)",0
26,35,"(34, 0)",0
26,36,"(35, 0)",0
26,37,"(36, 0)",0
26,38,"(37, 0)",0
26,39,"(38, 0)",0
26,40,"(39, 0)",0
26,41,"(40, 0)",0
26,42,"(41, 0)",0
26,43,"(42, 0)",0
26,44,"(43, 0)",0
26,45,"(44, 0)",0
26,46,"(45, 0)",0
26,47,"(46, 0)",0
26,48,"(47, 0)",0
26,49,"(48, 0)",0
26,50,"(49, 0)",0
26,51,"(50, 0)",0
26,52,"(51, 0)",0
26,53,"(52, 0)",0
26,54,"(53, 0)",0
26,55,"(54, 0)",0
26,56,"(55, 0)",0
26,57,"(56, 0)",0
26,58,"(57, 0)",0
26,59,"(58, 0)",0
26,60,"(59, 0)",0
26,61,"(60, 0)",0
26,62,"(61, 0)",0
26,63,"(62, 0)",0
26,64,"(63, 0)",0
26,65,"(64, 0)",0
26,66,"(65, 0)",0
26,67,"(66, 0)",0
26,68,"(67, 0)",0
26,69,"(68, 0)",0
26,70,"(69, 0)",0
26,71,"(70, 0)",0
26,72,"(71, 0)",0
26,73,"(72, 0)",0
26,74,"(73, 0)",0
26,75,"(74, 0)",1
26,76,"(75, 0)",0
26,77,"(76, 0)",1
26,78,"(77, 0)",0
26,79,"(78, 0)",1
26,80,"(79, 0)",0
26,81,"(80, 0)",1
26,82,"(81, 0)",0
26,83,"(82, 0)",1
26,84,"(83, 0)",0
26,85,"(84, 0)",1
26,86,"(85, 0)",0
26,87,"(86, 0)",1
26,88,"(87, 0)",0
26,89,"(88, 0)",1
26,90,"(89, 0)",0
26,91,"(90, 0)",1
26,92,"(91, 0)",0
26,93,"(92, 0)",1
26,94,"(93, 0)",0
26,95,"(94, 0)",1
26,96,"(95, 0)",0
26,97,"(96, 0)",1
26,98,"(97, 0)",0
26,99,"(98, 0)",1
26,100,"(99, 0)",0
26,101,"(100, 0)",1
27,1,"(0, 0)",0
27,2,"(1, 0)",0
27,3,"(2, 0)",0
27,4,"(3, 0)",0
27,5,"(4, 0)",0
27,6,"(5, 0)",0
27,7,"(6, 0)",0
27,8,"(7, 0)",0
27,9,"(8, 0)",0
27,10,"(9, 0)",0
27,11,"(10, 0)",0
27,12,"(11, 0)",0
27,13,"(12, 0)",0
27,14,"(13, 0)",0
27,15,"(14, 0)",0
27,16,"(15, 0)",0
27,17,"(16, 0)",0
27,18,"(17, 0)",0
27,19,"(18, 0)",0
27,20,"(19, 0)",0
27,21,"(20, 0)",0
27,22,"(21, 0)",0
27,23,"(22, 0)",0
27,24,"(23, 0)",0
27,25,"(24, 0)",0
27,26,"(25, 0)",0
27,27,"(26, 0)",0
27,28,"(27, 0)",0
27,29,"(28, 0)",0
27,30,"(29, 0)",0
27,31,"(30, 0)",0
27,32,"(31, 0)",0
27,33,"(32, 0)",0
27,34,"(33, 0)",0
27,35,"(34, 0)",0
27,36,"(35, 0)",0
27,37,"(36, 0)",0
27,38,"(37, 0)",0
27,39,"(38, 0)",0
27,40,"(39, 0)",0
27,41,"(40, 0)",0
27,42,"(41, 0)",0
27,43,"(42, 0)",0
27,44,"(43, 0)",0
27,45,"(44, 0)",0
27,46,"(45, 0)",0
27,47,"(46, 0)",0
27,48,"(47, 0)",0
27,49,"(48, 0)",0
27,50,"(49, 0)",0
27,51,"(50, 0)",0
27,52,"(51, 0)",0
27,53,"(52, 0)",0
27,54,"(53, 0)",0
27,55,"(54, 0)",0
27,56,"(55, 0)",0
27,57,"(56, 0)",0
27,58,"(57, 0)",0
27,59,"(58, 0)",0
27,60,"(59, 0)",0
27,61,"(60, 0)",0
27,62,"(61, 0)",0
27,63,"(62, 0)",0
27,64,"(63, 0)",0
27,65,"(64, 0)",0
27,66,"(65, 0)",0
27,67,"(66, 0)",0
27,68,"(67, 0)",0
27,69,"(68, 0)",0
27,70,"(69, 0)",0
27,71,"(70, 0)",0
27,72,"(71, 0)",0
27,73,"(72, 0)",0
27,74,"(73, 0)",1
27,75,"(74, 0)",1
27,76,"(75, 0)",1
27,77,"(76, 0)",1
27,78,"(77, 0)",1
27,79,"(78, 0)",1
27,80,"(79, 0)",1
27,81,"(80, 0)",1
27,82,"(81, 0)",1
27,83,"(82, 0)",1
27,84,"(83, 0)",1
27,85,"(84, 0)",1
27,86,"(85, 0)",1
27,87,"(86, 0)",1
27,88,"(87, 0)",1
27,89,"(88, 0)",1
27,90,"(89, 0)",1
27,91,"(90, 0)",1
27,92,"(91, 0)",1
27,93,"(92, 0)",1
27,94,"(93, 0)",1
27,95,"(94, 0)",1
27,96,"(95, 0)",1
27,97,"(96, 0)",1
27,98,"(97, 0)",1
27,99,"(98, 0)",1
27,100,"(99, 0)",1
27,101,"(100, 0)",1
28,1,"(0, 0)",0
28,2,"(1, 0)",0
28,3,"(2, 0)",0
28,4,"(3, 0)",0
28,5,"(4, 0)",0
28,6,"(5, 0)",0
28,7,"(6, 0)",0
28,8,"(7, 0)",0
28,9,"(8, 0)",0
28,10,"(9, 0)",0
28,11,"(10, 0)",0
28,12,"(11, 0)",0
28,13,"(12, 0)",0
28,14,"(13, 0)",0
28,15,"(14, 0)",0
28,16,"(15, 0)",0
28,17,"(16, 0)",0
28,18,"(17, 0)",0
28,19,"(18, 0)",0
28,20,"(19, 0)",0
28,21,"(20, 0)",0
28,22,"(21, 0)",0
28,23,"(22, 0)",0
28,24,"(23, 0)",0
28,25,"(24, 0)",0
28,26,"(25, 0)",0
28,27,"(26, 0)",0
28,28,"(27, 0)",0
28,29,"(28, 0)",0
28,30,"(29, 0)",0
28,31,"(30, 0)",0
28,32,"(31, 0)",0
28,33,"(32, 0)",0
28,34,"(33, 0)",0
28,35,"(34, 0)",0
28,36,"(35, 0)",0
28,37,"(36, 0)",0
28,38,"(37, 0)",0
28,39,"(38, 0)",0
28,40,"(39, 0)",0
28,41,"(40, 0)",0
28,42,"(41, 0)",0
28,43,"(42, 0)",0
28,44,"(43, 0)",0
28,45,"(44, 0)",0
28,46,"(45, 0)",0
28,47,"(46, 0)",0
28,48,"(47, 0)",0
28,49,"(48, 0)",0
28,50,"(49, 0)",0
28,51,"(50, 0)",0
28,52,"(51, 0)",0
28,53,"(52, 0)",0
28,54,"(53, 0)",0
28,55,"(54, 0)",0
28,56,"(55, 0)",0
28,57,"(56, 0)",0
28,58,"(57, 0)",0
28,59,"(58, 0)",0
28,60,"(59, 0)",0
28,61,"(60, 0)",0
28,62,"(61, 0)",0
28,63,"(62, 0)",0
28,64,"(63, 0)",0
28,65,"(64, 0)",0
28,66,"(65, 0)",0
28,67,"(66, 0)",0
28,68,"(67, 0)",0
28,69,"(68, 0)",0
28,70,"(69, 0)",0
28,71,"(70, 0)",0
28,72,"(71, 0)",0
28,73,"(72, 0)",1
28,74,"(73, 0)",0
28,75,"(74, 0)",1
28,76,"(75, 0)",0
28,77,"(76, 0)",1
28,78,"(77, 0)",0
28,79,"(78, 0)",1
28,80,"(79, 0)",0
28,81,"(80, 0)",1
28,82,"(81, 0)",0
28,83,"(82, 0)",1
28,84,"(83, 0)",0
28,85,"(84, 0)",1
28,86,"(85, 0)",0
28,87,"(86, 0)",1
28,88,"(87, 0)",0
28,89,"(88, 0)",1
28,90,"(89, 0)",0
28,91,"(90, 0)",1
28,92,"(91, 0)",0
28,93,"(92, 0)",1
28,94,"(93, 0)",0
28,95,"(94, 0)",1
28,96,"(95, 0)",0
28,97,"(96, 0)",1
28,98,"(97, 0)",0
28,99,"(98, 0)",1
28,100,"(99, 0)",0
28,101,"(100, 0)",1
29,1,"(0, 0)",0
29,2,"(1, 0)",0
29,3,"(2, 0)",0
29,4,"(3, 0)",0
29,5,"(4, 0)",0
29,6,"(5, 0)",0
29,7,"(6, 0)",0
29,8,"(7, 0)",0
29,9,"(8, 0)",0
29,10,"(9, 0)",0
29,11,"(10, 0)",0
29,12,"(11, 0)",0
29,13,"(12, 0)",0
29,14,"(13, 0)",0
29,15,"(14, 0)",0
29,16,"(15, 0)",0
29,17,"(16, 0)",0
29,18,"(17, 0)",0
29,19,"(18, 0)",0
29,20,"(19, 0)",0
29,21,"(20, 0)",0
29,22,"(21, 0)",0
29,23,"(22, 0)",0
29,24,"(23, 0)",0
29,25,"(24, 0)",0
29,26,"(25, 0)",0
29,27,"(26, 0)",0
29,28,"(27, 0)",0
29,29,"(28, 0)",0
29,30,"(29, 0)",0
29,31,"(30, 0)",0
29,32,"(31, 0)",0
29,33,"(32, 0)",0
29,34,"(33, 0)",0
29,35,"(34, 0)",0
29,36,"(35, 0)",0
29,37,"(36, 0)",0
29,38,"(37, 0)",0
29,39,"(38, 0)",0
29,40,"(39, 0)",0
29,41,"(40, 0)",0
29,42,"(41, 0)",0
29,43,"(42, 0)",0
29,44,"(43, 0)",0
29,45,"(44, 0)",0
29,46,"(45, 0)",0
29,47,"(46, 0)",0
29,48,"(47, 0)",0
29,49,"(48, 0)",0
29,50,"(49, 0)",0
29,51,"(50, 0)",0
29,52,"(51, 0)",0
29,53,"(52, 0)",0
29,54,"(53, 0)",0
29,55,"(54, 0)",0
29,56,"(55, 0)",0
29,57,"(56, 0)",0
29,58,"(57, 0)",0
29,59,"(58, 0)",0
29,60,"(59, 0)",0
29,61,"(60, 0)",0
29,62,"(61, 0)",0
29,63,"(62, 0)",0
29,64,"(63, 0)",0
29,65,"(64, 0)",0
29,66,"(65, 0)",0
29,67,"(66, 0)",0
29,68,"(67, 0)",0
29,69,"(68, 0)",0
29,70,"(69, 0)",0
29,71,"(70, 0)",0
29,72,"(71, 0)",1
29,73,"(72, 0)",1
29,74,"(73, 0)",1
29,75,"(74, 0)",1
29,76,"(75, 0)",1
29,77,"(76, 0)",1
29,78,"(77, 0)",1
29,79,"(78, 0)",1
29,80,"(79, 0)",1
29,81,"(80, 0)",1
29,82,"(81, 0)",1
29,83,"(82, 0)",1
29,84,"(83, 0)",1
29,85,"(84, 0)",1
29,86,"(85, 0)",1
29,87,"(86, 0)",1
29,88,"(87, 0)",1
29,89,"(88, 0)",1
29,90,"(89, 0)",1
29,91,"(90, 0)",1
29,92,"(91, 0)",1
29,93,"(92, 0)",1
29,94,"(93, 0)",1
29,95,"(94, 0)",1
29,96,"(95, 0)",1
29,97,"(96, 0)",1
29,98,"(97, 0)",1
29,99,"(98, 0)",1
29,100,"(99, 0)",1
29,101,"(100, 0)",1
30,1,"(0, 0)",0
30,2,"(1, 0)",0
30,3,"(2, 0)",0
30,4,"(3, 0)",0
30,5,"(4, 0)",0
30,6,"(5, 0)",0
30,7,"(6, 0)",0
30,8,"(7, 0)",0
30,9,"(8, 0)",0
30,10,"(9, 0)",0
30,11,"(10, 0)",0
30,12,"(11, 0)",0
30,13,"(12, 0)",0
30,14,"(13, 0)",0
30,15,"(14, 0)",0
30,16,"(15, 0)",0
30,17,"(16, 0)",0
30,18,"(17, 0)",0
30,19,"(18, 0)",0
30,20,"(19, 0)",0
30,21,"(20, 0)",0
30,22,"(21, 0)",0
30,23,"(22, 0)",0
30,24,"(23, 0)",0
30,25,"(24, 0)",0
30,26,"(25, 0)",0
30,27,"(26, 0)",0
30,28,"(27, 0)",0
30,29,"(28, 0)",0
30,30,"(29, 0)",0
30,31,"(30, 0)",0
30,32,"(31, 0)",0
30,33,"(32, 0)",0
30,34,"(33, 0)",0
30,35,"(34, 0)",0
30,36,"(35, 0)",0
30,37,"(36, 0)",0
30,38,"(37, 0)",0
30,39,"(38, 0)",0
30,40,"(39, 0)",0
30,41,"(40, 0)",0
30,42,"(41, 0)",0
30,43,"(42, 0)",0
30,44,"(43, 0)",0
30,45,"(44, 0)",0
30,46,"(45, 0)",0
30,47,"(46, 0)",0
30,48,"(47, 0)",0
30,49,"(48, 0)",0
30,50,"(49, 0)",0
30,51,"(50, 0)",0
30,52,"(51, 0)",0
30,53,"(52, 0)",0
30,54,"(53, 0)",0
30,55,"(54, 0)",0
30,56,"(55, 0)",0
30,57,"(56, 0)",0
30,58,"(57, 0)",0
30,59,"(58, 0)",0
30,60,"(59, 0)",0
30,61,"(60, 0)",0
30,62,"(61, 0)",0
30,63,"(62, 0)",0
30,64,"(63, 0)",0
30,65,"(64, 0)",0
30,66,"(65, 0)",0
30,67,"(66, 0)",0
30,68,"(67, 0)",0
30,69,"(68, 0)",0
30,70,"(69, 0)",0
30,71,"(70, 0)",1
30,72,"(71, 0)",0
30,73,"(72, 0)",1
30,74,"(73, 0)",0
30,75,"(74, 0)",1
30,76,"(75, 0)",0
30,77,"(76, 0)",1
30,78,"(77, 0)",0
30,79,"(78, 0)",1
30,80,"(79, 0)",0
30,81,"(80, 0)",1
30,82,"(81, 0)",0
30,83,"(82, 0)",1
30,84,"(83, 0)",0
30,85,"(84, 0)",1
30,86,"(85, 0)",0
30,87,"(86, 0)",1
30,88,"(87, 0)",0
30,89,"(88, 0)",1
30,90,"(89, 0)",0
30,91,"(90, 0)",1
30,92,"(91, 0)",0
30,93,"(92, 0)",1
30,94,"(93, 0)",0
30,95,"(94, 0)",1
30,96,"(95, 0)",0
30,97,"(96, 0)",1
30,98,"(97, 0)",0
30,99,"(98, 0)",1
30,100,"(99, 0)",0
30,101,"(100, 0)",1
31,1,"(0, 0)",0
31,2,"(1, 0)",0
31,3,"(2, 0)",0
31,4,"(3, 0)",0
31,5,"(4, 0)",0
31,6,"(5, 0)",0
31,7,"(6, 0)",0
31,8,"(7, 0)",0
31,9,"(8, 0)",0
31,10,"(9, 0)",0
31,11,"(10, 0)",0
31,12,"(11, 0)",0
31,13,"(12, 0)",0
31,14,"(13, 0)",0
31,15,"(14, 0)",0
31,16,"(15, 0)",0
31,17,"(16, 0)",0
31,18,"(17, 0)",0
31,19,"(18, 0)",0
31,20,"(19, 0)",0
31,21,"(20, 0)",0
31,22,"(21, 0)",0
31,23,"(22, 0)",0
31,24,"(23, 0)",0
31,25,"(24, 0)",0
31,26,"(25, 0)",0
31,27,"(26, 0)",0
31,28,"(27, 0)",0
31,29,"(28, 0)",0
31,30,"(29, 0)",0
31,31,"(30, 0)",0
31,32,"(31, 0)",0
31,33,"(32, 0)",0
31,34,"(33, 0)",0
31,35,"(34, 0)",0
31,36,"(35, 0)",0
31,37,"(36, 0)",0
31,38,"(37, 0)",0
31,39,"(38, 0)",0
31,40,"(39, 0)",0
31,41,"(40, 0)",0
31,42,"(41, 0)",0
31,43,"(42, 0)",0
31,44,"(43, 0)",0
31,45,"(44, 0)",0
31,46,"(45, 0)",0
31,47,"(46, 0)",0
31,48,"(47, 0)",0
31,49,"(48, 0)",0
31,50,"(49, 0)",0
31,51,"(50, 0)",0
31,52,"(51, 0)",0
31,53,"(52, 0)",0
31,54,"(53, 0)",0
31,55,"(54, 0)",0
31,56,"(55, 0)",0
31,57,"(56, 0)",0
31,58,"(57, 0)",0
31,59,"(58, 0)",0
31,60,"(59, 0)",0
31,61,"(60, 0)",0
31,62,"(61, 0)",0
31,63,"(62, 0)",0
31,64,"(63, 0)",0
31,65,"(64, 0)",0
31,66,"(65, 0)",0
31,67,"(66, 0)",0
31,68,"(67, 0)",0
31,69,"(68, 0)",0
31,70,"(69, 0)",1
31,71,"(70, 0)",1
31,72,"(71, 0)",1
31,73,"(72, 0)",1
31,74,"(73, 0)",1
31,75,"(74, 0)",1
31,76,"(75, 0)",1
31,77,"(76, 0)",1
31,78,"(77, 0)",1
31,79,"(78, 0)",1
31,80,"(79, 0)",1
31,81,"(80, 0)",1
31,82,"(81, 0)",1
31,83,"(82, 0)",1
31,84,"(83, 0)",1
31,85,"(84, 0)",1
31,86,"(85, 0)",1
31,87,"(86, 0)",1
31,88,"(87, 0)",1
31,89,"(88, 0)",1
31,90,"(89, 0)",1
31,91,"(90, 0)",1
31,92,"(91, 0)",1
31,93,"(92, 0)",1
31,94,"(93, 0)",1
31,95,"(94, 0)",1
31,96,"(95, 0)",1
31,97,"(96, 0)",1
31,98,"(97, 0)",1
31,99,"(98, 0)",1
31,100,"(99, 0)",1
31,101,"(100, 0)",1
32,1,"(0, 0)",0
32,2,"(1, 0)",0
32,3,"(2, 0)",0
32,4,"(3, 0)",0
32,5,"(4, 0)",0
32,6,"(5, 0)",0
32,7,"(6, 0)",0
32,8,"(7, 0)",0
32,9,"(8, 0)",0
32,10,"(9, 0)",0
32,11,"(10, 0)",0
32,12,"(11, 0)",0
32,13,"(12, 0)",0
32,14,"(13, 0)",0
32,15,"(14, 0)",0
32,16,"(15, 0)",0
32,17,"(16, 0)",0
32,18,"(17, 0)",0
32,19,"(18, 0)",0
32,20,"(19, 0)",0
32,21,"(20, 0)",0
32,22,"(21, 0)",0
32,23,"(22, 0)",0
32,24,"(23, 0)",0
32,25,"(24, 0)",0
32,26,"(25, 0)",0
32,27,"(26, 0)",0
32,28,"(27, 0)",0
32,29,"(28, 0)",0
32,30,"(29, 0)",0
32,31,"(30, 0)",0
32,32,"(31, 0)",0
32,33,"(32, 0)",0
32,34,"(33, 0)",0
32,35,"(34, 0)",0
32,36,"(35, 0)",0
32,37,"(36, 0)",0
32,38,"(37, 0)",0
32,39,"(38, 0)",0
32,40,"(39, 0)",0
32,41,"(40, 0)",0
32,42,"(41, 0)",0
32,43,"(42, 0)",0
32,44,"(43, 0)",0
32,45,"(44, 0)",0
32,46,"(45, 0)",0
32,47,"(46, 0)",0
32,48,"(47, 0)",0
32,49,"(48, 0)",0
32,50,"(49, 0)",0
32,51,"(50, 0)",0
32,52,"(51, 0)",0
32,53,"(52, 0)",0
32,54,"(53, 0)",0
32,55,"(54, 0)",0
32,56,"(55, 0)",0
32,57,"(56, 0)",0
32,58,"(57, 0)",0
32,59,"(58, 0)",0
32,60,"(59, 0)",0
32,61,"(60, 0)",0
32,62,"(61, 0)",0
32,63,"(62, 0)",0
32,64,"(63, 0)",0
32,65,"(64, 0)",0
32,66,"(65, 0)",0
32,67,"(66, 0)",0
32,68,"(67, 0)",0
32,69,"(68, 0)",1
32,70,"(69, 0)",0
32,71,"(70, 0)",1
32,72,"(71, 0)",0
32,73,"(72, 0)",1
32,74,"(73, 0)",0
32,75,"(74, 0)",1
32,76,"(75, 0)",0
32,77,"(76, 0)",1
32,78,"(77, 0)",0
32,79,"(78, 0)",1
32,80,"(79, 0)",0
32,81,"(80, 0)",1
32,82,"(81, 0)",0
32,83,"(82, 0)",1
32,84,"(83, 0)",0
32,85,"(84, 0)",1
32,86,"(85, 0)",0
32,87,"(86, 0)",1
32,88,"(87, 0)",0
32,89,"(88, 0)",1
32,90,"(89, 0)",0
32,91,"(90, 0)",1
32,92,"(91, 0)",0
32,93,"(92, 0)",1
32,94,"(93, 0)",0
32,95,"(94, 0)",1
32,96,"(95, 0)",0
32,97,"(96, 0)",1
32,98,"(97, 0)",0
32,99,"(98, 0)",1
32,100,"(99, 0)",0
32,101,"(100, 0)",1
33,1,"(0, 0)",0
33,2,"(1, 0)",0
33,3,"(2, 0)",0
33,4,"(3, 0)",0
33,5,"(4, 0)",0
33,6,"(5, 0)",0
33,7,"(6, 0)",0
33,8,"(7, 0)",0
33,9,"(8, 0)",0
33,10,"(9, 0)",0
33,11,"(10, 0)",0
33,12,"(11, 0)",0
33,13,"(12, 0)",0
33,14,"(13, 0)",0
33,15,"(14, 0)",0
33,16,"(15, 0)",0
33,17,"(16, 0)",0
33,18,"(17, 0)",0
33,19,"(18, 0)",0
33,20,"(19, 0)",0
33,21,"(20, 0)",0
33,22,"(21, 0)",0
33,23,"(22, 0)",0
33,24,"(23, 0)",0
33,25,"(24, 0)",0
33,26,"(25, 0)",0
33,27,"(26, 0)",0
33,28,"(27, 0)",0
33,29,"(28, 0)",0
33,30,"(29, 0)",0
33,31,"(30, 0)",0
33,32,"(31, 0)",0
33,33,"(32, 0)",0
33,34,"(33, 0)",0
33,35,"(34, 0)",0
33,36,"(35, 0)",0
33,37,"(36, 0)",0
33,38,"(37, 0)",0
33,39,"(38, 0)",0
33,40,"(39, 0)",0
33,41,"(40, 0)",0
33,42,"(41, 0)",0
33,43,"(42, 0)",0
33,44,"(43, 0)",0
33,45,"(44, 0)",0
33,46,"(45, 0)",0
33,47,"(46, 0)",0
33,48,"(47, 0)",0
33,49,"(48, 0)",0
33,50,"(49, 0)",0
33,51,"(50, 0)",0
33,52,"(51, 0)",0
33,53,"(52, 0)",0
33,54,"(53, 0)",0
33,55,"(54, 0)",0
33,56,"(55, 0)",0
33,57,"(56, 0)",0
33,58,"(57, 0)",0
33,59,"(58, 0)",0
33,60,"(59, 0)",0
33,61,"(60, 0)",0
33,62,"(61, 0)",0
33,63,"(62, 0)",0
33,64,"(63, 0)",0
33,65,"(64, 0)",0
33,66,"(65, 0)",0
33,67,"(66, 0)",0
33,68,"(67, 0)",1
33,69,"(68, 0)",1
33,70,"(69, 0)",1
33,71,"(70, 0)",1
33,72,"(71, 0)",1
33,73,"(72, 0)",1
33,74,"(73, 0)",1
33,75,"(74, 0)",1
33,76,"(75, 0)",1
33,77,"(76, 0)",1
33,78,"(77, 0)",1
33,79,"(78, 0)",1
33,80,"(79, 0)",1
33,81,"(80, 0)",1
33,82,"(81, 0)",1
33,83,"(82, 0)",1
33,84,"(83, 0)",1
33,85,"(84, 0)",1
33,86,"(85, 0)",1
33,87,"(86, 0)",1
33,88,"(87, 0)",1
33,89,"(88, 0)",1
33,90,"(89, 0)",1
33,91,"(90, 0)",1
33,92,"(91, 0)",1
33,93,"(92, 0)",1
33,94,"(93, 0)",1
33,95,"(94, 0)",1
33,96,"(95, 0)",1
33,97,"(96, 0)",1
33,98,"(97, 0)",1
33,99,"(98, 0)",1
33,100,"(99, 0)",1
33,101,"(100, 0)",1
34,1,"(0, 0)",0
34,2,"(1, 0)",0
34,3,"(2, 0)",0
34,4,"(3, 0)",0
34,5,"(4, 0)",0
34,6,"(5, 0)",0
34,7,"(6, 0)",0
34,8,"(7, 0)",0
34,9,"(8, 0)",0
34,10,"(9, 0)",0
34,11,"(10, 0)",0
34,12,"(11, 0)",0
34,13,"(12, 0)",0
34,14,"(13, 0)",0
34,15,"(14, 0)",0
34,16,"(15, 0)",0
34,17,"(16, 0)",0
34,18,"(17, 0)",0
34,19,"(18, 0)",0
34,20,"(19, 0)",0
34,21,"(20, 0)",0
34,22,"(21, 0)",0
34,23,"(22, 0)",0
34,24,"(23, 0)",0
34,25,"(24, 0)",0
34,26,"(25, 0)",0
34,27,"(26, 0)",0
34,28,"(27, 0)",0
34,29,"(28, 0)",0
34,30,"(29, 0)",0
34,31,"(30, 0)",0
34,32,"(31, 0)",0
34,33,"(32, 0)",0
34,34,"(33, 0)",0
34,35,"(34, 0)",0
34,36,"(35, 0)",0
34,37,"(36, 0)",0
34,38,"(37, 0)",0
34,39,"(38, 0)",0
34,40,"(39, 0)",0
34,41,"(40, 0)",0
34,42,"(41, 0)",0
34,43,"(42, 0)",0
34,44,"(43, 0)",0
34,45,"(44, 0)",0
34,46,"(45, 0)",0
34,47,"(46, 0)",0
34,48,"(47, 0)",0
34,49,"(48, 0)",0
34,50,"(49, 0)",0
34,51,"(50, 0)",0
34,52,"(51, 0)",0
34,53,"(52, 0)",0
34,54,"(53, 0)",0
34,55,"(54, 0)",0
34,56,"(55, 0)",0
34,57,"(56, 0)",0
34,58,"(57, 0)",0
34,59,"(58, 0)",0
34,60,"(59, 0)",0
34,61,"(60, 0)",0
34,62,"(61, 0)",0
34,63,"(62, 0)",0
34,64,"(63, 0)",0
34,65,"(64, 0)",0
34,66,"(65, 0)",0
34,67,"(66, 0)",1
34,68,"(67, 0)",0
34,69,"(68, 0)",1
34,70,"(69, 0)",0
34,71,"(70, 0)",1
34,72,"(71, 0)",0
34,73,"(72, 0)",1
34,74,"(73, 0)",0
34,75,"(74, 0)",1
34,76,"(75, 0)",0
34,77,"(76, 0)",1
34,78,"(77, 0)",0
34,79,"(78, 0)",1
34,80,"(79, 0)",0
34,81,"(80, 0)",1
34,82,"(81, 0)",0
34,83,"(82, 0)",1
34,84,"(83, 0)",0
34,85,"(84, 0)",1
34,86,"(85, 0)",0
34,87,"(86, 0)",1
34,88,"(87, 0)",0
34,89,"(88, 0)",1
34,90,"(89, 0)",0
34,91,"(90, 0)",1
34,92,"(91, 0)",0
34,93,"(92, 0)",1
34,94,"(93, 0)",0
34,95,"(94, 0)",1
34,96,"(95, 0)",0
34,97,"(96, 0)",1
34,98,"(97, 0)",0
34,99,"(98, 0)",1
34,100,"(99, 0)",0
34,101,"(100, 0)",1
35,1,"(0, 0)",0
35,2,"(1, 0)",0
35,3,"(2, 0)",0
35,4,"(3, 0)",0
35,5,"(4, 0)",0
35,6,"(5, 0)",0
35,7,"(6, 0)",0
35,8,"(7, 0)",0
35,9,"(8, 0)",0
35,10,"(9, 0)",0
35,11,"(10, 0)",0
35,12,"(11, 0)",0
35,13,"(12, 0)",0
35,14,"(13, 0)",0
35,15,"(14, 0)",0
35,16,"(15, 0)",0
35,17,"(16, 0)",0
35,18,"(17, 0)",0
35,19,"(18, 0)",0
35,20,"(19, 0)",0
35,21,"(20, 0)",0
35,22,"(21, 0)",0
35,23,"(22, 0)",0
35,24,"(23, 0)",0
35,25,"(24, 0)",0
35,26,"(25, 0)",0
35,27,"(26, 0)",0
35,28,"(27, 0)",0
35,29,"(28, 0)",0
35,30,"(29, 0)",0
35,31,"(30, 0)",0
35,32,"(31, 0)",0
35,33,"(32, 0)",0
35,34,"(33, 0)",0
35,35,"(34, 0)",0
35,36,"(35, 0)",0
35,37,"(36, 0)",0
35,38,"(37, 0)",0
35,39,"(38, 0)",0
35,40,"(39, 0)",0
35,41,"(40, 0)",0
35,42,"(41, 0)",0
35,43,"(42, 0)",0
35,44,"(43, 0)",0
35,45,"(44, 0)",0
35,46,"(45, 0)",0
35,47,"(46, 0)",0
35,48,"(47, 0)",0
35,49,"(48, 0)",0
35,50,"(49, 0)",0
35,51,"(50, 0)",0
35,52,"(51, 0)",0
35,53,"(52, 0)",0
35,54,"(53, 0)",0
35,55,"(54, 0)",0
35,56,"(55, 0)",0
35,57,"(56, 0)",0
35,58,"(57, 0)",0
35,59,"(58, 0)",0
35,60,"(59, 0)",0
35,61,"(60, 0)",0
35,62,"(61, 0)",0
35,63,"(62, 0)",0
35,64,"(63, 0)",0
35,65,"(64, 0)",0
35,66,"(65, 0)",1
35,67,"(66, 0)",1
35,68,"(67, 0)",1
35,69,"(68, 0)",1
35,70,"(69, 0)",1
35,71,"(70, 0)",1
35,72,"(71, 0)",1
35,73,"(72, 0)",1
35,74,"(73, 0)",1
35,75,"(74, 0)",1
35,76,"(75, 0)",1
35,77,"(76, 0)",1
35,78,"(77, 0)",1
35,79,"(78, 0)",1
35,80,"(79, 0)",1
35,81,"(80, 0)",1
35,82,"(81, 0)",1
35,83,"(82, 0)",1
35,84,"(83, 0)",1
35,85,"(84, 0)",1
35,86,"(85, 0)",1
35,87,"(86, 0)",1
35,88,"(87, 0)",1
35,89,"(88, 0)",1
35,90,"(89, 0)",1
35,91,"(90, 0)",1
35,92,"(91, 0)",1
35,93,"(92, 0)",1
35,94,"(93, 0)",1
35,95,"(94, 0)",1
35,96,"(95, 0)",1
35,97,"(96, 0)",1
35,98,"(97, 0)",1
35,99,"(98, 0)",1
35,100,"(99, 0)",1
35,101,"(100, 0)",1
36,1,"(0, 0)",0
36,2,"(1, 0)",0
36,3,"(2, 0)",0
36,4,"(3, 0)",0
36,5,"(4, 0)",0
36,6,"(5, 0)",0
36,7,"(6, 0)",0
36,8,"(7, 0)",0
36,9,"(8, 0)",0
36,10,"(9, 0)",0
36,11,"(10, 0)",0
36,12,"(11, 0)",0
36,13,"(12, 0)",0
36,14,"(13, 0)",0
36,15,"(14, 0)",0
36,16,"(15, 0)",0
36,17,"(16, 0)",0
36,18,"(17, 0)",0
36,19,"(18, 0)",0
36,20,"(19, 0)",0
36,21,"(20, 0)",0
36,22,"(21, 0)",0
36,23,"(22, 0)",0
36,24,"(23, 0)",0
36,25,"(24, 0)",0
36,26,"(25, 0)",0
36,27,"(26, 0)",0
36,28,"(27, 0)",0
36,29,"(28, 0)",0
36,30,"(29, 0)",0
36,31,"(30, 0)",0
36,32,"(31, 0)",0
36,33,"(32, 0)",0
36,34,"(33, 0)",0
36,35,"(34, 0)",0
36,36,"(35, 0)",0
36,37,"(36, 0)",0
36,38,"(37, 0)",0
36,39,"(38, 0)",0
36,40,"(39, 0)",0
36,41,"(40, 0)",0
36,42,"(41, 0)",0
36,43,"(42, 0)",0
36,44,"(43, 0)",0
36,45,"(44, 0)",0
36,46,"(45, 0)",0
36,47,"(46, 0)",0
36,48,"(47, 0)",0
36,49,"(48, 0)",0
36,50,"(49, 0)",0
36,51,"(50, 0)",0
36,52,"(51, 0)",0
36,53,"(52, 0)",0
36,54,"(53, 0)",0
36,55,"(54, 0)",0
36,56,"(55, 0)",0
36,57,"(56, 0)",0
36,58,"(57, 0)",0
36,59,"(58, 0)",0
36,60,"(59, 0)",0
36,61,"(60, 0)",0
36,62,"(61, 0)",0
36,63,"(62, 0)",0
36,64,"(63, 0)",0
36,65,"(64, 0)",1
36,66,"(65, 0)",0
36,67,"(66, 0)",1
36,68,"(67, 0)",0
36,69,"(68, 0)",1
36,70,"(69, 0)",0
36,71,"(70, 0)",1
36,72,"(71, 0)",0
36,73,"(72, 0)",1
36,74,"(73, 0)",0
36,75,"(74, 0)",1
36,76,"(75, 0)",0
36,77,"(76, 0)",1
36,78,"(77, 0)",0
36,79,"(78, 0)",1
36,80,"(79, 0)",0
36,81,"(80, 0)",1
36,82,"(81, 0)",0
36,83,"(82, 0)",1
36,84,"(83, 0)",0
36,85,"(84, 0)",1
36,86,"(85, 0)",0
36,87,"(86, 0)",1
36,88,"(87, 0)",0
36,89,"(88, 0)",1
36,90,"(89, 0)",0
36,91,"(90, 0)",1
36,92,"(91, 0)",0
36,93,"(92, 0)",1
36,94,"(93, 0)",0
36,95,"(94, 0)",1
36,96,"(95, 0)",0
36,97,"(96, 0)",1
36,98,"(97, 0)",0
36,99,"(98, 0)",1
36,100,"(99, 0)",0
36,101,"(100, 0)",1
37,1,"(0, 0)",0
37,2,"(1, 0)",0
37,3,"(2, 0)",0
37,4,"(3, 0)",0
37,5,"(4, 0)",0
37,6,"(5, 0)",0
37,7,"(6, 0)",0
37,8,"(7, 0)",0
37,9,"(8, 0)",0
37,10,"(9, 0)",0
37,11,"(10, 0)",0
37,12,"(11, 0)",0
37,13,"(12, 0)",0
37,14,"(13, 0)",0
37,15,"(14, 0)",0
37,16,"(15, 0)",0
37,17,"(16, 0)",0
37,18,"(17, 0)",0
37,19,"(18, 0)",0
37,20,"(19, 0)",0
37,21,"(20, 0)",0
37,22,"(21, 0)",0
37,23,"(22, 0)",0
37,24,"(23, 0)",0
37,25,"(24, 0)",0
37,26,"(25, 0)",0
37,27,"(26, 0)",0
37,28,"(27, 0)",0
37,29,"(28, 0)",0
37,30,"(29, 0)",0
37,31,"(30, 0)",0
37,32,"(31, 0)",0
37,33,"(32, 0)",0
37,34,"(33, 0)",0
37,35,"(34, 0)",0
37,36,"(35, 0)",0
37,37,"(36, 0)",0
37,38,"(37, 0)",0
37,39,"(38, 0)",0
37,40,"(39, 0)",0
37,41,"(40, 0)",0
37,42,"(41, 0)",0
37,43,"(42, 0)",0
37,44,"(43, 0)",0
37,45,"(44, 0)",0
37,46,"(45, 0)",0
37,47,"(46, 0)",0
37,48,"(47, 0)",0
37,49,"(48, 0)",0
37,50,"(49, 0)",0
37,51,"(50, 0)",0
37,52,"(51, 0)",0
37,53,"(52, 0)",0
37,54,"(53, 0)",0
37,55,"(54, 0)",0
37,56,"(55, 0)",0
37,57,"(56, 0)",0
37,58,"(57, 0)",0
37,59,"(58, 0)",0
37,60,"(59, 0)",0
37,61,"(60, 0)",0
37,62,"(61, 0)",0
37,63,"(62, 0)",0
37,64,"(63, 0)",1
37,65,"(64, 0)",1
37,66,"(65, 0)",1
37,67,"(66, 0)",1
37,68,"(67, 0)",1
37,69,"(68, 0)",1
37,70,"(69, 0)",1
37,71,"(70, 0)",1
37,72,"(71, 0)",1
37,73,"(72, 0)",1
37,74,"(73, 0)",1
37,75,"(74, 0)",1
37,76,"(75, 0)",1
37,77,"(76, 0)",1
37,78,"(77, 0)",1
37,79,"(78, 0)",1
37,80,"(79, 0)",1
37,81,"(80, 0)",1
37,82,"(81, 0)",1
37,83,"(82, 0)",1
37,84,"(83, 0)",1
37,85,"(84, 0)",1
37,86,"(85, 0)",1
37,87,"(86, 0)",1
37,88,"(87, 0)",1
37,89,"(88, 0)",1
37,90,"(89, 0)",1
37,91,"(90, 0)",1
37,92,"(91, 0)",1
37,93,"(92, 0)",1
37,94,"(93, 0)",1
37,95,"(94, 0)",1
37,96,"(95, 0)",1
37,97,"(96, 0)",1
37,98,"(97, 0)",1
37,99,"(98, 0)",1
37,100,"(99, 0)",1
37,101,"(100, 0)",1
38,1,"(0, 0)",0
38,2,"(1, 0)",0
38,3,"(2, 0)",0
38,4,"(3, 0)",0
38,5,"(4, 0)",0
38,6,"(5, 0)",0
38,7,"(6, 0)",0
38,8,"(7, 0)",0
38,9,"(8, 0)",0
38,10,"(9, 0)",0
38,11,"(10, 0)",0
38,12,"(11, 0)",0
38,13,"(12, 0)",0
38,14,"(13, 0)",0
38,15,"(14, 0)",0
38,16,"(15, 0)",0
38,17,"(16, 0)",0
38,18,"(17, 0)",0
38,19,"(18, 0)",0
38,20,"(19, 0)",0
38,21,"(20, 0)",0
38,22,"(21, 0)",0
38,23,"(22, 0)",0
38,24,"(23, 0)",0
38,25,"(24, 0)",0
38,26,"(25, 0)",0
38,27,"(26, 0)",0
38,28,"(27, 0)",0
38,29,"(28, 0)",0
38,30,"(29, 0)",0
38,31,"(30, 0)",0
38,32,"(31, 0)",0
38,33,"(32, 0)",0
38,34,"(33, 0)",0
38,35,"(34, 0)",0
38,36,"(35, 0)",0
38,37,"(36, 0)",0
38,38,"(37, 0)",0
38,39,"(38, 0)",0
38,40,"(39, 0)",0
38,41,"(40, 0)",0
38,42,"(41, 0)",0
38,43,"(42, 0)",0
38,44,"(43, 0)",0
38,45,"(44, 0)",0
38,46,"(45, 0)",0
38,47,"(46, 0)",0
38,48,"(47, 0)",0
38,49,"(48, 0)",0
38,50,"(49, 0)",0
38,51,"(50, 0)",0
38,52,"(51, 0)",0
38,53,"(52, 0)",0
38,54,"(53, 0)",0
38,55,"(54, 0)",0
38,56,"(55, 0)",0
38,57,"(56, 0)",0
38,58,"(57, 0)",0
38,59,"(58, 0)",0
38,60,"(59, 0)",0
38,61,"(60, 0)",0
38,62,"(61, 0)",0
38,63,"(62, 0)",1
38,64,"(63, 0)",0
38,65,"(64, 0)",1
38,66,"(65, 0)",0
38,67,"(66, 0)",1
38,68,"(67, 0)",0
38,69,"(68, 0)",1
38,70,"(69, 0)",0
38,71,"(70, 0)",1
38,72,"(71, 0)",0
38,73,"(72, 0)",1
38,74,"(73, 0)",0
38,75,"(74, 0)",1
38,76,"(75, 0)",0
38,77,"(76, 0)",1
38,78,"(77, 0)",0
38,79,"(78, 0)",1
38,80,"(79, 0)",0
38,81,"(80, 0)",1
38,82,"(81, 0)",0
38,83,"(82, 0)",1
38,84,"(83, 0)",0
38,85,"(84, 0)",1
38,86,"(85, 0)",0
38,87,"(86, 0)",1
38,88,"(87, 0)",0
38,89,"(88, 0)",1
38,90,"(89, 0)",0
38,91,"(90, 0)",1
38,92,"(91, 0)",0
38,93,"(92, 0)",1
38,94,"(93, 0)",0
38,95,"(94, 0)",1
38,96,"(95, 0)",0
38,97,"(96, 0)",1
38,98,"(97, 0)",0
38,99,"(98, 0)",1
38,100,"(99, 0)",0
38,101,"(100, 0)",1
39,1,"(0, 0)",0
39,2,"(1, 0)",0
39,3,"(2, 0)",0
39,4,"(3, 0)",0
39,5,"(4, 0)",0
39,6,"(5, 0)",0
39,7,"(6, 0)",0
39,8,"(7, 0)",0
39,9,"(8, 0)",0
39,10,"(9, 0)",0
39,11,"(10, 0)",0
39,12,"(11, 0)",0
39,13,"(12, 0)",0
39,14,"(13, 0)",0
39,15,"(14, 0)",0
39,16,"(15, 0)",0
39,17,"(16, 0)",0
39,18,"(17, 0)",0
39,19,"(18, 0)",0
39,20,"(19, 0)",0
39,21,"(20, 0)",0
39,22,"(21, 0)",0
39,23,"(22, 0)",0
39,24,"(23, 0)",0
39,25,"(24, 0)",0
39,26,"(25, 0)",0
39,27,"(26, 0)",0
39,28,"(27, 0)",0
39,29,"(28, 0)",0
39,30,"(29, 0)",0
39,31,"(30, 0)",0
39,32,"(31, 0)",0
39,33,"(32, 0)",0
39,34,"(33, 0)",0
39,35,"(34, 0)",0
39,36,"(35, 0)",0
39,37,"(36, 0)",0
39,38,"(37, 0)",0
39,39,"(38, 0)",0
39,40,"(39, 0)",0
39,41,"(40, 0)",0
39,42,"(41, 0)",0
39,43,"(42, 0)",0
39,44,"(43, 0)",0
39,45,"(44, 0)",0
39,46,"(45, 0)",0
39,47,"(46, 0)",0
39,48,"(47, 0)",0
39,49,"(48, 0)",0
39,50,"(49, 0)",0
39,51,"(50, 0)",0
39,52,"(51, 0)",0
39,53,"(52, 0)",0
39,54,"(53, 0)",0
39,55,"(54, 0)",0
39,56,"(55, 0)",0
39,57,"(56, 0)",0
39,58,"(57, 0)",0
39,59,"(58, 0)",0
39,60,"(59, 0)",0
39,61,"(60, 0)",0
39,62,"(61, 0)",1
39,63,"(62, 0)",1
39,64,"(63, 0)",1
39,65,"(64, 0)",1
39,66,"(65, 0)",1
39,67,"(66, 0)",1
39,68,"(67, 0)",1
39,69,"(68, 0)",1
39,70,"(69, 0)",1
39,71,"(70, 0)",1
39,72,"(71, 0)",1
39,73,"(72, 0)",1
39,74,"(73, 0)",1
39,75,"(74, 0)",1
39,76,"(75, 0)",1
39,77,"(76, 0)",1
39,78,"(77, 0)",1
39,79,"(78, 0)",1
39,80,"(79, 0)",1
39,81,"(80, 0)",1
39,82,"(81, 0)",1
39,83,"(82, 0)",1
39,84,"(83, 0)",1
39,85,"(84, 0)",1
39,86,"(85, 0)",1
39,87,"(86, 0)",1
39,88,"(87, 0)",1
39,89,"(88, 0)",1
39,90,"(89, 0)",1
39,91,"(90, 0)",1
39,92,"(91, 0)",1
39,93,"(92, 0)",1
39,94,"(93, 0)",1
39,95,"(94, 0)",1
39,96,"(95, 0)",1
39,97,"(96, 0)",1
39,98,"(97, 0)",1
39,99,"(98, 0)",1
39,100,"(99, 0)",1
39,101,"(100, 0)",1
40,1,"(0, 0)",0
40,2,"(1, 0)",0
40,3,"(2, 0)",0
40,4,"(3, 0)",0
40,5,"(4, 0)",0
40,6,"(5, 0)",0
40,7,"(6, 0)",0
40,8,"(7, 0)",0
40,9,"(8, 0)",0
40,10,"(9, 0)",0
40,11,"(10, 0)",0
40,12,"(11, 0)",0
40,13,"(12, 0)",0
40,14,"(13, 0)",0
40,15,"(14, 0)",0
40,16,"(15, 0)",0
40,17,"(16, 0)",0
40,18,"(17, 0)",0
40,19,"(18, 0)",0
40,20,"(19, 0)",0
40,21,"(20, 0)",0
40,22,"(21, 0)",0
40,23,"(22, 0)",0
40,24,"(23, 0)",0
40,25,"(24, 0)",0
40,26,"(25, 0)",0
40,27,"(26, 0)",0
40,28,"(27, 0)",0
40,29,"(28, 0)",0
40,30,"(29, 0)",0
40,31,"(30, 0)",0
40,32,"(31, 0)",0
40,33,"(32, 0)",0
40,34,"(33, 0)",0
40,35,"(34, 0)",0
40,36,"(35, 0)",0
40,37,"(36, 0)",0
40,38,"(37, 0)",0
40,39,"(38, 0)",0
40,40,"(39, 0)",0
40,41,"(40, 0)",0
40,42,"(41, 0)",0
40,43,"(42, 0)",0
40,44,"(43, 0)",0
40,45,"(44, 0)",0
40,46,"(45, 0)",0
40,47,"(46, 0)",0
40,48,"(47, 0)",0
40,49,"(48, 0)",0
40,50,"(49, 0)",0
40,51,"(50, 0)",0
40,52,"(51, 0)",0
40,53,"(52, 0)",0
40,54,"(53, 0)",0
40,55,"(54, 0)",0
40,56,"(55, 0)",0
40,57,"(56, 0)",0
40,58,"(57, 0)",0
40,59,"(58, 0)",0
40,60,"(59, 0)",0
40,61,"(60, 0)",1
40,62,"(61, 0)",0
40,63,"(62, 0)",1
40,64,"(63, 0)",0
40,65,"(64, 0)",1
40,66,"(65, 0)",0
40,67,"(66, 0)",1
40,68,"(67, 0)",0
40,69,"(68, 0)",1
40,70,"(69, 0)",0
40,71,"(70, 0)",1
40,72,"(71, 0)",0
40,73,"(72, 0)",1
40,74,"(73, 0)",0
40,75,"(74, 0)",1
40,76,"(75, 0)",0
40,77,"(76, 0)",1
40,78,"(77, 0)",0
40,79,"(78, 0)",1
40,80,"(79, 0)",0
40,81,"(80, 0)",1
40,82,"(81, 0)",0
40,83,"(82, 0)",1
40,84,"(83, 0)",0
40,85,"(84, 0)",1
40,86,"(85, 0)",0
40,87,"(86, 0)",1
40,88,"(87, 0)",0
40,89,"(88, 0)",1
40,90,"(89, 0)",0
40,91,"(90, 0)",1
40,92,"(91, 0)",0
40,93,"(92, 0)",1
40,94,"(93, 0)",0
40,95,"(94, 0)",1
40,96,"(95, 0)",0
40,97,"(96, 0)",1
40,98,"(97, 0)",0
40,99,"(98, 0)",1
40,100,"(99, 0)",0
40,101,"(100, 0)",1
41,1,"(0, 0)",0
41,2,"(1, 0)",0
41,3,"(2, 0)",0
41,4,"(3, 0)",0
41,5,"(4, 0)",0
41,6,"(5, 0)",0
41,7,"(6, 0)",0
41,8,"(7, 0)",0
41,9,"(8, 0)",0
41,10,"(9, 0)",0
41,11,"(10, 0)",0
41,12,"(11, 0)",0
41,13,"(12, 0)",0
41,14,"(13, 0)",0
41,15,"(14, 0)",0
41,16,"(15, 0)",0
41,17,"(16, 0)",0
41,18,"(17, 0)",0
41,19,"(18, 0)",0
41,20,"(19, 0)",0
41,21,"(20, 0)",0
41,22,"(21, 0)",0
41,23,"(22, 0)",0
41,24,"(23, 0)",0
41,25,"(24, 0)",0
41,26,"(25, 0)",0
41,27,"(26, 0)",0
41,28,"(27, 0)",0
41,29,"(28, 0)",0
41,30,"(29, 0)",0
41,31,"(30, 0)",0
41,32,"(31, 0)",0
41,33,"(32, 0)",0
41,34,"(33, 0)",0
41,35,"(34, 0)",0
41,36,"(35, 0)",0
41,37,"(36, 0)",0
41,38,"(37, 0)",0
41,39,"(38, 0)",0
41,40,"(39, 0)",0
41,41,"(40, 0)",0
41,42,"(41, 0)",0
41,43,"(42, 0)",0
41,44,"(43, 0)",0
41,45,"(44, 0)",0
41,46,"(45, 0)",0
41,47,"(46, 0)",0
41,48,"(47, 0)",0
41,49,"(48, 0)",0
41,50,"(49, 0)",0
41,51,"(50, 0)",0
41,52,"(51, 0)",0
41,53,"(52, 0)",0
41,54,"(53, 0)",0
41,55,"(54, 0)",0
41,56,"(55, 0)",0
41,57,"(56, 0)",0
41,58,"(57, 0)",0
41,59,"(58, 0)",0
41,60,"(59, 0)",1
41,61,"(60, 0)",1
41,62,"(61, 0)",1
41,63,"(62, 0)",1
41,64,"(63, 0)",1
41,65,"(64, 0)",1
41,66,"(65, 0)",1
41,67,"(66, 0)",1
41,68,"(67, 0)",1
41,69,"(68, 0)",1
41,70,"(69, 0)",1
41,71,"(70, 0)",1
41,72,"(71, 0)",1
41,73,"(72, 0)",1
41,74,"(73, 0)",1
41,75,"(74, 0)",1
41,76,"(75, 0)",1
41,77,"(76, 0)",1
41,78,"(77, 0)",1
41,79,"(78, 0)",1
41,80,"(79, 0)",1
41,81,"(80, 0)",1
41,82,"(81, 0)",1
41,83,"(82, 0)",1
41,84,"(83, 0)",1
41,85,"(84, 0)",1
41,86,"(85, 0)",1
41,87,"(86, 0)",1
41,88,"(87, 0)",1
41,89,"(88, 0)",1
41,90,"(89, 0)",1
41,91,"(90, 0)",1
41,92,"(91, 0)",1
41,93,"(92, 0)",1
41,94,"(93, 0)",1
41,95,"(94, 0)",1
41,96,"(95, 0)",1
41,97,"(96, 0)",1
41,98,"(97, 0)",1
41,99,"(98, 0)",1
41,100,"(99, 0)",1
41,101,"(100, 0)",1
42,1,"(0, 0)",0
42,2,"(1, 0)",0
42,3,"(2, 0)",0
42,4,"(3, 0)",0
42,5,"(4, 0)",0
42,6,"(5, 0)",0
42,7,"(6, 0)",0
42,8,"(7, 0)",0
42,9,"(8, 0)",0
42,10,"(9, 0)",0
42,11,"(10, 0)",0
42,12,"(11, 0)",0
42,13,"(12, 0)",0
42,14,"(13, 0)",0
42,15,"(14, 0)",0
42,16,"(15, 0)",0
42,17,"(16, 0)",0
42,18,"(17, 0)",0
42,19,"(18, 0)",0
42,20,"(19, 0)",0
42,21,"(20, 0)",0
42,22,"(21, 0)",0
42,23,"(22, 0)",0
42,24,"(23, 0)",0
42,25,"(24, 0)",0
42,26,"(25, 0)",0
42,27,"(26, 0)",0
42,28,"(27, 0)",0
42,29,"(28, 0)",0
42,30,"(29, 0)",0
42,31,"(30, 0)",0
42,32,"(31, 0)",0
42,33,"(32, 0)",0
42,34,"(33, 0)",0
42,35,"(34, 0)",0
42,36,"(35, 0)",0
42,37,"(36, 0)",0
42,38,"(37, 0)",0
42,39,"(38, 0)",0
42,40,"(39, 0)",0
42,41,"(40, 0)",0
42,42,"(41, 0)",0
42,43,"(42, 0)",0
42,44,"(43, 0)",0
42,45,"(44, 0)",0
42,46,"(45, 0)",0
42,47,"(46, 0)",0
42,48,"(47, 0)",0
42,49,"(48, 0)",0
42,50,"(49, 0)",0
42,51,"(50, 0)",0
42,52,"(51, 0)",0
42,53,"(52, 0)",0
42,54,"(53, 0)",0
42,55,"(54, 0)",0
42,56,"(55, 0)",0
42,57,"(56, 0)",0
42,58,"(57, 0)",0
42,59,"(58, 0)",1
42,60,"(59, 0)",0
42,61,"(60, 0)",1
42,62,"(61, 0)",0
42,63,"(62, 0)",1
42,64,"(63, 0)",0
42,65,"(64, 0)",1
42,66,"(65, 0)",0
42,67,"(66, 0)",1
42,68,"(67, 0)",0
42,69,"(68, 0)",1
42,70,"(69, 0)",0
42,71,"(70, 0)",1
42,72,"(71, 0)",0
42,73,"(72, 0)",1
42,74,"(73, 0)",0
42,75,"(74, 0)",1
42,76,"(75, 0)",0
42,77,"(76, 0)",1
42,78,"(77, 0)",0
42,79,"(78, 0)",1
42,80,"(79, 0)",0
42,81,"(80, 0)",1
42,82,"(81, 0)",0
42,83,"(82, 0)",1
42,84,"(83, 0)",0
42,85,"(84, 0)",1
42,86,"(85, 0)",0
42,87,"(86, 0)",1
42,88,"(87, 0)",0
42,89,"(88, 0)",1
42,90,"(89, 0)",0
42,91,"(90, 0)",1
42,92,"(91, 0)",0
42,93,"(92, 0)",1
42,94,"(93, 0)",0
42,95,"(94, 0)",1
42,96,"(95, 0)",0
42,97,"(96, 0)",1
42,98,"(97, 0)",0
42,99,"(98, 0)",1
42,100,"(99, 0)",0
42,101,"(100, 0)",1
43,1,"(0, 0)",0
43,2,"(1, 0)",0
43,3,"(2, 0)",0
43,4,"(3, 0)",0
43,5,"(4, 0)",0
43,6,"(5, 0)",0
43,7,"(6, 0)",0
43,8,"(7, 0)",0
43,9,"(8, 0)",0
43,10,"(9, 0)",0
43,11,"(10, 0)",0
43,12,"(11, 0)",0
43,13,"(12, 0)",0
43,14,"(13, 0)",0
43,15,"(14, 0)",0
43,16,"(15, 0)",0
43,17,"(16, 0)",0
43,18,"(17, 0)",0
43,19,"(18, 0)",0
43,20,"(19, 0)",0
43,21,"(20, 0)",0
43,22,"(21, 0)",0
43,23,"(22, 0)",0
43,24,"(23, 0)",0
43,25,"(24, 0)",0
43,26,"(25, 0)",0
43,27,"(26, 0)",0
43,28,"(27, 0)",0
43,29,"(28, 0)",0
43,30,"(29, 0)",0
43,31,"(30, 0)",0
43,32,"(31, 0)",0
43,33,"(32, 0)",0
43,34,"(33, 0)",0
43,35,"(34, 0)",0
43,36,"(35, 0)",0
43,37,"(36, 0)",0
43,38,"(37, 0)",0
43,39,"(38, 0)",0
43,40,"(39, 0)",0
43,41,"(40, 0)",0
43,42,"(41, 0)",0
43,43,"(42, 0)",0
43,44,"(43, 0)",0
43,45,"(44, 0)",0
43,46,"(45, 0)",0
43,47,"(46, 0)",0
43,48,"(47, 0)",0
43,49,"(48, 0)",0
43,50,"(49, 0)",0
43,51,"(50, 0)",0
43,52,"(51, 0)",0
43,53,"(52, 0)",0
43,54,"(53, 0)",0
43,55,"(54, 0)",0
43,56,"(55, 0)",0
43,57,"(56, 0)",0
43,58,"(57, 0)",1
43,59,"(58, 0)",1
43,60,"(59, 0)",1
43,61,"(60, 0)",1
43,62,"(61, 0)",1
43,63,"(62, 0)",1
43,64,"(63, 0)",1
43,65,"(64, 0)",1
43,66,"(65, 0)",1
43,67,"(66, 0)",1
43,68,"(67, 0)",1
43,69,"(68, 0)",1
43,70,"(69, 0)",1
43,71,"(70, 0)",1
43,72,"(71, 0)",1
43,73,"(72, 0)",1
43,74,"(73, 0)",1
43,75,"(74, 0)",1
43,76,"(75, 0)",1
43,77,"(76, 0)",1
43,78,"(77, 0)",1
43,79,"(78, 0)",1
43,80,"(79, 0)",1
43,81,"(80, 0)",1
43,82,"(81, 0)",1
43,83,"(82, 0)",1
43,84,"(83, 0)",1
43,85,"(84, 0)",1
43,86,"(85, 0)",1
43,87,"(86, 0)",1
43,88,"(87, 0)",1
43,89,"(88, 0)",1
43,90,"(89, 0)",1
43,91,"(90, 0)",1
43,92,"(91, 0)",1
43,93,"(92, 0)",1
43,94,"(93, 0)",1
43,95,"(94, 0)",1
43,96,"(95, 0)",1
43,97,"(96, 0)",1
43,98,"(97, 0)",1
43,99,"(98, 0)",1
43,100,"(99, 0)",1
43,101,"(100, 0)",1
44,1,"(0, 0)",0
44,2,"(1, 0)",0
44,3,"(2, 0)",0
44,4,"(3, 0)",0
44,5,"(4, 0)",0
44,6,"(5, 0)",0
44,7,"(6, 0)",0
44,8,"(7, 0)",0
44,9,"(8, 0)",0
44,10,"(9, 0)",0
44,11,"(10, 0)",0
44,12,"(11, 0)",0
44,13,"(12, 0)",0
44,14,"(13, 0)",0
44,15,"(14, 0)",0
44,16,"(15, 0)",0
44,17,"(16, 0)",0
44,18,"(17, 0)",0
44,19,"(18, 0)",0
44,20,"(19, 0)",0
44,21,"(20, 0)",0
44,22,"(21, 0)",0
44,23,"(22, 0)",0
44,24,"(23, 0)",0
44,25,"(24, 0)",0
44,26,"(25, 0)",0
44,27,"(26, 0)",0
44,28,"(27, 0)",0
44,29,"(28, 0)",0
44,30,"(29, 0)",0
44,31,"(30, 0)",0
44,32,"(31, 0)",0
44,33,"(32, 0)",0
44,34,"(33, 0)",0
44,35,"(34, 0)",0
44,36,"(35, 0)",0
44,37,"(36, 0)",0
44,38,"(37, 0)",0
44,39,"(38, 0)",0
44,40,"(39, 0)",0
44,41,"(40, 0)",0
44,42,"(41, 0)",0
44,43,"(42, 0)",0
44,44,"(43, 0)",0
44,45,"(44, 0)",0
44,46,"(45, 0)",0
44,47,"(46, 0)",0
44,48,"(47, 0)",0
44,49,"(48, 0)",0
44,50,"(49, 0)",0
44,51,"(50, 0)",0
44,52,"(51, 0)",0
44,53,"(52, 0)",0
44,54,"(53, 0)",0
44,55,"(54, 0)",0
44,56,"(55, 0)",0
44,57,"(56, 0)",1
44,58,"(57, 0)",0
44,59,"(58, 0)",1
44,60,"(59, 0)",0
44,61,"(60, 0)",1
44,62,"(61, 0)",0
44,63,"(62, 0)",1
44,64,"(63, 0)",0
44,65,"(64, 0)",1
44,66,"(65, 0)",0
44,67,"(66, 0)",1
44,68,"(67, 0)",0
44,69,"(68, 0)",1
44,70,"(69, 0)",0
44,71,"(70, 0)",1
44,72,"(71, 0)",0
44,73,"(72, 0)",1
44,74,"(73, 0)",0
44,75,"(74, 0)",1
44,76,"(75, 0)",0
44,77,"(76, 0)",1
44,78,"(77, 0)",0
44,79,"(78, 0)",1
44,80,"(79, 0)",0
44,81,"(80, 0)",1
44,82,"(81, 0)",0
44,83,"(82, 0)",1
44,84,"(83, 0)",0
44,85,"(84, 0)",1
44,86,"(85, 0)",0
44,87,"(86, 0)",1
44,88,"(87, 0)",0
44,89,"(88, 0)",1
44,90,"(89, 0)",0
44,91,"(90, 0)",1
44,92,"(91, 0)",0
44,93,"(92, 0)",1
44,94,"(93, 0)",0
44,95,"(94, 0)",1
44,96,"(95, 0)",0
44,97,"(96, 0)",1
44,98,"(97, 0)",0
44,99,"(98, 0)",1
44,100,"(99, 0)",0
44,101,"(100, 0)",1
45,1,"(0, 0)",0
45,2,"(1, 0)",0
45,3,"(2, 0)",0
45,4,"(3, 0)",0
45,5,"(4, 0)",0
45,6,"(5, 0)",0
45,7,"(6, 0)",0
45,8,"(7, 0)",0
45,9,"(8, 0)",0
45,10,"(9, 0)",0
45,11,"(10, 0)",0
45,12,"(11, 0)",0
45,13,"(12, 0)",0
45,14,"(13, 0)",0
45,15,"(14, 0)",0
45,16,"(15, 0)",0
45,17,"(16, 0)",0
45,18,"(17, 0)",0
45,19,"(18, 0)",0
45,20,"(19, 0)",0
45,21,"(20, 0)",0
45,22,"(21, 0)",0
45,23,"(22, 0)",0
45,24,"(23, 0)",0
45,25,"(24, 0)",0
45,26,"(25, 0)",0
45,27,"(26, 0)",0
45,28,"(27, 0)",0
45,29,"(28, 0)",0
45,30,"(29, 0)",0
45,31,"(30, 0)",0
45,32,"(31, 0)",0
45,33,"(32, 0)",0
45,34,"(33, 0)",0
45,35,"(34, 0)",0
45,36,"(35, 0)",0
45,37,"(36, 0)",0
45,38,"(37, 0)",0
45,39,"(38, 0)",0
45,40,"(39, 0)",0
45,41,"(40, 0)",0
45,42,"(41, 0)",0
45,43,"(42, 0)",0
45,44,"(43, 0)",0
45,45,"(44, 0)",0
45,46,"(45, 0)",0
45,47,"(46, 0)",0
45,48,"(47, 0)",0
45,49,"(48, 0)",0
45,50,"(49, 0)",0
45,51,"(50, 0)",0
45,52,"(51, 0)",0
45,53,"(52, 0)",0
45,54,"(53, 0)",0
45,55,"(54, 0)",0
45,56,"(55, 0)",1
45,57,"(56, 0)",1
45,58,"(57, 0)",1
45,59,"(58, 0)",1
45,60,"(59, 0)",1
45,61,"(60, 0)",1
45,62,"(61, 0)",1
45,63,"(62, 0)",1
45,64,"(63, 0)",1
45,65,"(64, 0)",1
45,66,"(65, 0)",1
45,67,"(66, 0)",1
45,68,"(67, 0)",1
45,69,"(68, 0)",1
45,70,"(69, 0)",1
45,71,"(70, 0)",1
45,72,"(71, 0)",1
45,73,"(72, 0)",1
45,74,"(73, 0)",1
45,75,"(74, 0)",1
45,76,"(75, 0)",1
45,77,"(76, 0)",1
45,78,"(77, 0)",1
45,79,"(78, 0)",1
45,80,"(79, 0)",1
45,81,"(80, 0)",1
45,82,"(81, 0)",1
45,83,"(82, 0)",1
45,84,"(83, 0)",1
45,85,"(84, 0)",1
45,86,"(85, 0)",1
45,87,"(86, 0)",1
45,88,"(87, 0)",1
45,89,"(88, 0)",1
45,90,"(89, 0)",1
45,91,"(90, 0)",1
45,92,"(91, 0)",1
45,93,"(92, 0)",1
45,94,"(93, 0)",1
45,95,"(94, 0)",1
45,96,"(95, 0)",1
45,97,"(96, 0)",1
45,98,"(97, 0)",1
45,99,"(98, 0)",1
45,100,"(99, 0)",1
45,101,"(100, 0)",1
46,1,"(0, 0)",0
46,2,"(1, 0)",0
46,3,"(2, 0)",0
46,4,"(3, 0)",0
46,5,"(4, 0)",0
46,6,"(5, 0)",0
46,7,"(6, 0)",0
46,8,"(7, 0)",0
46,9,"(8, 0)",0
46,10,"(9, 0)",0
46,11,"(10, 0)",0
46,12,"(11, 0)",0
46,13,"(12, 0)",0
46,14,"(13, 0)",0
46,15,"(14, 0)",0
46,16,"(15, 0)",0
46,17,"(16, 0)",0
46,18,"(17, 0)",0
46,19,"(18, 0)",0
46,20,"(19, 0)",0
46,21,"(20, 0)",0
46,22,"(21, 0)",0
46,23,"(22, 0)",0
46,24,"(23, 0)",0
46,25,"(24, 0)",0
46,26,"(25, 0)",0
46,27,"(26, 0)",0
46,28,"(27, 0)",0
46,29,"(28, 0)",0
46,30,"(29, 0)",0
46,31,"(30, 0)",0
46,32,"(31, 0)",0
46,33,"(32, 0)",0
46,34,"(33, 0)",0
46,35,"(34, 0)",0
46,36,"(35, 0)",0
46,37,"(36, 0)",0
46,38,"(37, 0)",0
46,39,"(38, 0)",0
46,40,"(39, 0)",0
46,41,"(40, 0)",0
46,42,"(41, 0)",0
46,43,"(42, 0)",0
46,44,"(43, 0)",0
46,45,"(44, 0)",0
46,46,"(45, 0)",0
46,47,"(46, 0)",0
46,48,"(47, 0)",0
46,49,"(48, 0)",0
46,50,"(49, 0)",0
46,51,"(50, 0)",0
46,52,"(51, 0)",0
46,53,"(52, 0)",0
46,54,"(53, 0)",0
46,55,"(54, 0)",1
46,56,"(55, 0)",0
46,57,"(56, 0)",1
46,58,"(57, 0)",0
46,59,"(58, 0)",1
46,60,"(59, 0)",0
46,61,"(60, 0)",1
46,62,"(61, 0)",0
46,63,"(62, 0)",1
46,64,"(63, 0)",0
46,65,"(64, 0)",1
46,66,"(65, 0)",0
46,67,"(66, 0)",1
46,68,"(67, 0)",0
46,69,"(68, 0)",1
46,70,"(69, 0)",0
46,71,"(70, 0)",1
46,72,"(71, 0)",0
46,73,"(72, 0)",1
46,74,"(73, 0)",0
46,75,"(74, 0)",1
46,76,"(75, 0)",0
46,77,"(76, 0)",1
46,78,"(77, 0)",0
46,79,"(78, 0)",1
46,80,"(79, 0)",0
46,81,"(80, 0)",1
46,82,"(81, 0)",0
46,83,"(82, 0)",1
46,84,"(83, 0)",0
46,85,"(84, 0)",1
46,86,"(85, 0)",0
46,87,"(86, 0)",1
46,88,"(87, 0)",0
46,89,"(88, 0)",1
46,90,"(89, 0)",0
46,91,"(90, 0)",1
46,92,"(91, 0)",0
46,93,"(92, 0)",1
46,94,"(93, 0)",0
46,95,"(94, 0)",1
46,96,"(95, 0)",0
46,97,"(96, 0)",1
46,98,"(97, 0)",0
46,99,"(98, 0)",1
46,100,"(99, 0)",0
46,101,"(100, 0)",1
47,1,"(0, 0)",0
47,2,"(1, 0)",0
47,3,"(2, 0)",0
47,4,"(3, 0)",0
47,5,"(4, 0)",0
47,6,"(5, 0)",0
47,7,"(6, 0)",0
47,8,"(7, 0)",0
47,9,"(8, 0)",0
47,10,"(9, 0)",0
47,11,"(10, 0)",0
47,12,"(11, 0)",0
47,13,"(12, 0)",0
47,14,"(13, 0)",0
47,15,"(14, 0)",0
47,16,"(15, 0)",0
47,17,"(16, 0)",0
47,18,"(17, 0)",0
47,19,"(18, 0)",0
47,20,"(19, 0)",0
47,21,"(20, 0)",0
47,22,"(21, 0)",0
47,23,"(22, 0)",0
47,24,"(23, 0)",0
47,25,"(24, 0)",0
47,26,"(25, 0)",0
47,27,"(26, 0)",0
47,28,"(27, 0)",0
47,29,"(28, 0)",0
47,30,"(29, 0)",0
47,31,"(30, 0)",0
47,32,"(31, 0)",0
47,33,"(32, 0)",0
47,34,"(33, 0)",0
47,35,"(34, 0)",0
47,36,"(35, 0)",0
47,37,"(36, 0)",0
47,38,"(37, 0)",0
47,39,"(38, 0)",0
47,40,"(39, 0)",0
47,41,"(40, 0)",0
47,42,"(41, 0)",0
47,43,"(42, 0)",0
47,44,"(43, 0)",0
47,45,"(44, 0)",0
47,46,"(45, 0)",0
47,47,"(46, 0)",0
47,48,"(47, 0)",0
47,49,"(48, 0)",0
47,50,"(49, 0)",0
47,51,"(50, 0)",0
47,52,"(51, 0)",0
47,53,"(52, 0)",0
47,54,"(53, 0)",1
47,55,"(54, 0)",1
47,56,"(55, 0)",1
47,57,"(56, 0)",1
47,58,"(57, 0)",1
47,59,"(58, 0)",1
47,60,"(59, 0)",1
47,61,"(60, 0)",1
47,62,"(61, 0)",1
47,63,"(62, 0)",1
47,64,"(63, 0)",1
47,65,"(64, 0)",1
47,66,"(65, 0)",1
47,67,"(66, 0)",1
47,68,"(67, 0)",1
47,69,"(68, 0)",1
47,70,"(69, 0)",1
47,71,"(70, 0)",1
47,72,"(71, 0)",1
47,73,"(72, 0)",1
47,74,"(73, 0)",1
47,75,"(74, 0)",1
47,76,"(75, 0)",1
47,77,"(76, 0)",1
47,78,"(77, 0)",1
47,79,"(78, 0)",1
47,80,"(79, 0)",1
47,81,"(80, 0)",1
47,82,"(81, 0)",1
47,83,"(82, 0)",1
47,84,"(83, 0)",1
47,85,"(84, 0)",1
47,86,"(85, 0)",1
47,87,"(86, 0)",1
47,88,"(87, 0)",1
47,89,"(88, 0)",1
47,90,"(89, 0)",1
47,91,"(90, 0)",1
47,92,"(91, 0)",1
47,93,"(92, 0)",1
47,94,"(93, 0)",1
47,95,"(94, 0)",1
47,96,"(95, 0)",1
47,97,"(96, 0)",1
47,98,"(97, 0)",1
47,99,"(98, 0)",1
47,100,"(99, 0)",1
47,101,"(100, 0)",1
48,1,"(0, 0)",0
48,2,"(1, 0)",0
48,3,"(2, 0)",0
48,4,"(3, 0)",0
48,5,"(4, 0)",0
48,6,"(5, 0)",0
48,7,"(6, 0)",0
48,8,"(7, 0)",0
48,9,"(8, 0)",0
48,10,"(9, 0)",0
48,11,"(10, 0)",0
48,12,"(11, 0)",0
48,13,"(12, 0)",0
48,14,"(13, 0)",0
48,15,"(14, 0)",0
48,16,"(15, 0)",0
48,17,"(16, 0)",0
48,18,"(17, 0)",0
48,19,"(18, 0)",0
48,20,"(19, 0)",0
48,21,"(20, 0)",0
48,22,"(21, 0)",0
48,23,"(22, 0)",0
48,24,"(23, 0)",0
48,25,"(24, 0)",0
48,26,"(25, 0)",0
48,27,"(26, 0)",0
48,28,"(27, 0)",0
48,29,"(28, 0)",0
48,30,"(29, 0)",0
48,31,"(30, 0)",0
48,32,"(31, 0)",0
48,33,"(32, 0)",0
48,34,"(33, 0)",0
48,35,"(34, 0)",0
48,36,"(35, 0)",0
48,37,"(36, 0)",0
48,38,"(37, 0)",0
48,39,"(38, 0)",0
48,40,"(39, 0)",0
48,41,"(40, 0)",0
48,42,"(41, 0)",0
48,43,"(42, 0)",0
48,44,"(43, 0)",0
48,45,"(44, 0)",0
48,46,"(45, 0)",0
48,47,"(46, 0)",0
48,48,"(47, 0)",0
48,49,"(48, 0)",0
48,50,"(49, 0)",0
48,51,"(50, 0)",0
48,52,"(51, 0)",0
48,53,"(52, 0)",1
48,54,"(53, 0)",0
48,55,"(54, 0)",1
48,56,"(55, 0)",0
48,57,"(56, 0)",1
48,58,"(57, 0)",0
48,59,"(58, 0)",1
48,60,"(59, 0)",0
48,61,"(60, 0)",1
48,62,"(61, 0)",0
48,63,"(62, 0)",1
48,64,"(63, 0)",0
48,65,"(64, 0)",1
48,66,"(65, 0)",0
48,67,"(66, 0)",1
48,68,"(67, 0)",0
48,69,"(68, 0)",1
48,70,"(69, 0)",0
48,71,"(70, 0)",1
48,72,"(71, 0)",0
48,73,"(72, 0)",1
48,74,"(73, 0)",0
48,75,"(74, 0)",1
48,76,"(75, 0)",0
48,77,"(76, 0)",1
48,78,"(77, 0)",0
48,79,"(78, 0)",1
48,80,"(79, 0)",0
48,81,"(80, 0)",1
48,82,"(81, 0)",0
48,83,"(82, 0)",1
48,84,"(83, 0)",0
48,85,"(84, 0)",1
48,86,"(85, 0)",0
48,87,"(86, 0)",1
48,88,"(87, 0)",0
48,89,"(88, 0)",1
48,90,"(89, 0)",0
48,91,"(90, 0)",1
48,92,"(91, 0)",0
48,93,"(92, 0)",1
48,94,"(93, 0)",0
48,95,"(94, 0)",1
48,96,"(95, 0)",0
48,97,"(96, 0)",1
48,98,"(97, 0)",0
48,99,"(98, 0)",1
48,100,"(99, 0)",0
48,101,"(100, 0)",1
49,1,"(0, 0)",0
49,2,"(1, 0)",0
49,3,"(2, 0)",0
49,4,"(3, 0)",0
49,5,"(4, 0)",0
49,6,"(5, 0)",0
49,7,"(6, 0)",0
49,8,"(7, 0)",0
49,9,"(8, 0)",0
49,10,"(9, 0)",0
49,11,"(10, 0)",0
49,12,"(11, 0)",0
49,13,"(12, 0)",0
49,14,"(13, 0)",0
49,15,"(14, 0)",0
49,16,"(15, 0)",0
49,17,"(16, 0)",0
49,18,"(17, 0)",0
49,19,"(18, 0)",0
49,20,"(19, 0)",0
49,21,"(20, 0)",0
49,22,"(21, 0)",0
49,23,"(22, 0)",0
49,24,"(23, 0)",0
49,25,"(24, 0)",0
49,26,"(25, 0)",0
49,27,"(26, 0)",0
49,28,"(27, 0)",0
49,29,"(28, 0)",0
49,30,"(29, 0)",0
49,31,"(30, 0)",0
49,32,"(31, 0)",0
49,33,"(32, 0)",0
49,34,"(33, 0)",0
49,35,"(34, 0)",0
49,36,"(35, 0)",0
49,37,"(36, 0)",0
49,38,"(37, 0)",0
49,39,"(38, 0)",0
49,40,"(39, 0)",0
49,41,"(40, 0)",0
49,42,"(41, 0)",0
49,43,"(42, 0)",0
49,44,"(43, 0)",0
49,45,"(44, 0)",0
49,46,"(45, 0)",0
49,47,"(46, 0)",0
49,48,"(47, 0)",0
49,49,"(48, 0)",0
49,50,"(49, 0)",0
49,51,"(50, 0)",0
49,52,"(51, 0)",1
49,53,"(52, 0)",1
49,54,"(53, 0)",1
49,55,"(54, 0)",1
49,56,"(55, 0)",1
49,57,"(56, 0)",1
49,58,"(57, 0)",1
49,59,"(58, 0)",1
49,60,"(59, 0)",1
49,61,"(60, 0)",1
49,62,"(61, 0)",1
49,63,"(62, 0)",1
49,64,"(63, 0)",1
49,65,"(64, 0)",1
49,66,"(65, 0)",1
49,67,"(66, 0)",1
49,68,"(67, 0)",1
49,69,"(68, 0)",1
49,70,"(69, 0)",1
49,71,"(70, 0)",1
49,72,"(71, 0)",1
49,73,"(72, 0)",1
49,74,"(73, 0)",1
49,75,"(74, 0)",1
49,76,"(75, 0)",1
49,77,"(76, 0)",1
49,78,"(77, 0)",1
49,79,"(78, 0)",1
49,80,"(79, 0)",1
49,81,"(80, 0)",1
49,82,"(81, 0)",1
49,83,"(82, 0)",1
49,84,"(83, 0)",1
49,85,"(84, 0)",1
49,86,"(85, 0)",1
49,87,"(86, 0)",1
49,88,"(87, 0)",1
49,89,"(88, 0)",1
49,90,"(89, 0)",1
49,91,"(90, 0)",1
49,92,"(91, 0)",1
49,93,"(92, 0)",1
49,94,"(93, 0)",1
49,95,"(94, 0)",1
49,96,"(95, 0)",1
49,97,"(96, 0)",1
49,98,"(97, 0)",1
49,99,"(98, 0)",1
49,100,"(99, 0)",1
49,101,"(100, 0)",1
50,1,"(0, 0)",0
50,2,"(1, 0)",0
50,3,"(2, 0)",0
50,4,"(3, 0)",0
50,5,"(4, 0)",0
50,6,"(5, 0)",0
50,7,"(6, 0)",0
50,8,"(7, 0)",0
50,9,"(8, 0)",0
50,10,"(9, 0)",0
50,11,"(10, 0)",0
50,12,"(11, 0)",0
50,13,"(12, 0)",0
50,14,"(13, 0)",0
50,15,"(14, 0)",0
50,16,"(15, 0)",0
50,17,"(16, 0)",0
50,18,"(17, 0)",0
50,19,"(18, 0)",0
50,20,"(19, 0)",0
50,21,"(20, 0)",0
50,22,"(21, 0)",0
50,23,"(22, 0)",0
50,24,"(23, 0)",0
50,25,"(24, 0)",0
50,26,"(25, 0)",0
50,27,"(26, 0)",0
50,28,"(27, 0)",0
50,29,"(28, 0)",0
50,30,"(29, 0)",0
50,31,"(30, 0)",0
50,32,"(31, 0)",0
50,33,"(32, 0)",0
50,34,"(33, 0)",0
50,35,"(34, 0)",0
50,36,"(35, 0)",0
50,37,"(36, 0)",0
50,38,"(37, 0)",0
50,39,"(38, 0)",0
50,40,"(39, 0)",0
50,41,"(40, 0)",0
50,42,"(41, 0)",0
50,43,"(42, 0)",0
50,44,"(43, 0)",0
50,45,"(44, 0)",0
50,46,"(45, 0)",0
50,47,"(46, 0)",0
50,48,"(47, 0)",0
50,49,"(48, 0)",0
50,50,"(49, 0)",0
50,51,"(50, 0)",1
50,52,"(51, 0)",0
50,53,"(52, 0)",1
50,54,"(53, 0)",0
50,55,"(54, 0)",1
50,56,"(55, 0)",0
50,57,"(56, 0)",1
50,58,"(57, 0)",0
50,59,"(58, 0)",1
50,60,"(59, 0)",0
50,61,"(60, 0)",1
50,62,"(61, 0)",0
50,63,"(62, 0)",1
50,64,"(63, 0)",0
50,65,"(64, 0)",1
50,66,"(65, 0)",0
50,67,"(66, 0)",1
50,68,"(67, 0)",0
50,69,"(68, 0)",1
50,70,"(69, 0)",0
50,71,"(70, 0)",1
50,72,"(71, 0)",0
50,73,"(72, 0)",1
50,74,"(73, 0)",0
50,75,"(74, 0)",1
50,76,"(75, 0)",0
50,77,"(76, 0)",1
50,78,"(77, 0)",0
50,79,"(78, 0)",1
50,80,"(79, 0)",0
50,81,"(80, 0)",1
50,82,"(81, 0)",0
50,83,"(82, 0)",1
50,84,"(83, 0)",0
50,85,"(84, 0)",1
50,86,"(85, 0)",0
50,87,"(86, 0)",1
50,88,"(87, 0)",0
50,89,"(88, 0)",1
50,90,"(89, 0)",0
50,91,"(90, 0)",1
50,92,"(91, 0)",0
50,93,"(92, 0)",1
50,94,"(93, 0)",0
50,95,"(94, 0)",1
50,96,"(95, 0)",0
50,97,"(96, 0)",1
50,98,"(97, 0)",0
50,99,"(98, 0)",1
50,100,"(99, 0)",0
50,101,"(100, 0)",1
